code,name,ok,latest_date,added_rows,error
600487,亨通光电,True,2026-07-01,1,
000725,京东方Ａ,True,2026-07-01,1,
600498,烽火通信,True,2026-07-01,1,
600522,中天科技,True,2026-07-01,1,
002384,东山精密,True,2026-07-01,1,
603986,兆易创新,True,2026-07-01,1,
600183,生益科技,True,2026-07-01,1,
000636,风华高科,True,2026-07-01,1,
002428,云南锗业,True,2026-07-01,1,
601138,工业富联,True,2026-07-01,1,
000657,中钨高新,True,2026-07-01,1,
002463,沪电股份,True,2026-07-01,1,
000063,中兴通讯,True,2026-07-01,1,
600584,长电科技,True,2026-07-01,1,
601899,紫金矿业,True,2026-07-01,1,
002281,光迅科技,True,2026-07-01,1,
002407,多氟多,True,2026-07-01,1,
605589,圣泉集团,True,2026-07-01,1,
600549,XD厦门钨,True,2026-07-01,1,
002475,立讯精密,True,2026-07-01,1,
002636,金安国纪,True,2026-07-01,1,
600176,中国巨石,True,2026-07-01,1,
002409,雅克科技,True,2026-07-01,1,
002371,北方华创,True,2026-07-01,1,
000988,华工科技,True,2026-07-01,1,
601208,东材科技,True,2026-07-01,1,
600105,永鼎股份,True,2026-07-01,1,
605358,立昂微,True,2026-07-01,1,
600667,太极实业,True,2026-07-01,1,
600206,有研新材,True,2026-07-01,1,
002460,赣锋锂业,True,2026-07-01,1,
600869,远东股份,True,2026-07-01,1,
002851,麦格米特,True,2026-07-01,1,
002466,天齐锂业,True,2026-07-01,1,
002156,通富微电,True,2026-07-01,1,
600378,昊华科技,True,2026-07-01,1,
600160,XD巨化股,True,2026-07-01,1,
002361,神剑股份,True,2026-07-01,1,
002240,盛新锂能,True,2026-07-01,1,
001309,德明利,True,2026-07-01,1,
601869,长飞光纤,True,2026-07-01,1,
002709,天赐材料,True,2026-07-01,1,
000021,深科技,True,2026-07-01,1,
601991,大唐发电,True,2026-07-01,1,
001896,豫能控股,True,2026-07-01,1,
002050,三花智控,True,2026-07-01,1,
603773,沃格光电,True,2026-07-01,1,
603993,洛阳钼业,True,2026-07-01,1,
600396,华电辽能,True,2026-07-01,1,
002436,兴森科技,True,2026-07-01,1,
002484,江海股份,True,2026-07-01,1,
000792,盐湖股份,True,2026-07-01,1,
002378,章源钨业,True,2026-07-01,1,
000333,美的集团,True,2026-07-01,1,
600330,天通股份,True,2026-07-01,1,
002008,大族激光,True,2026-07-01,1,
002938,鹏鼎控股,True,2026-07-01,1,
603938,三孚股份,True,2026-07-01,1,
600186,莲花控股,True,2026-07-01,1,
600367,红星发展,True,2026-07-01,1,
002747,埃斯顿,True,2026-07-01,1,
603256,宏和科技,True,2026-07-01,1,
000338,潍柴动力,True,2026-07-01,1,
002916,深南电路,True,2026-07-01,1,
603083,剑桥科技,True,2026-07-01,1,
600030,中信证券,True,2026-07-01,1,
600392,盛和资源,True,2026-07-01,1,
002138,顺络电子,True,2026-07-01,1,
603629,利通电子,True,2026-07-01,1,
002585,双星新材,True,2026-07-01,1,
603688,石英股份,True,2026-07-01,1,
002185,华天科技,True,2026-07-01,1,
002353,杰瑞股份,True,2026-07-01,1,
603650,彤程新材,True,2026-07-01,1,
601318,中国平安,True,2026-07-01,1,
603011,合锻智能,True,2026-07-01,1,
603005,晶方科技,True,2026-07-01,1,
600111,XD北方稀,True,2026-07-01,1,
002080,中材科技,True,2026-07-01,1,
603186,华正新材,True,2026-07-01,1,
002149,西部材料,True,2026-07-01,1,
600703,三安光电,True,2026-07-01,1,
600641,先导基电,True,2026-07-01,1,
603228,景旺电子,True,2026-07-01,1,
601012,隆基绿能,True,2026-07-01,1,
001696,宗申动力,True,2026-07-01,1,
600353,旭光电子,True,2026-07-01,1,
605376,博迁新材,True,2026-07-01,1,
002297,博云新材,True,2026-07-01,1,
603259,药明康德,True,2026-07-01,1,
002192,融捷股份,True,2026-07-01,1,
000858,五 粮 液,True,2026-07-01,1,
603738,泰晶科技,True,2026-07-01,1,
603799,华友钴业,True,2026-07-01,1,
600118,中国卫星,True,2026-07-01,1,
600519,贵州茅台,True,2026-07-01,1,
000425,徐工机械,True,2026-07-01,1,
600418,江淮汽车,True,2026-07-01,1,
002738,中矿资源,True,2026-07-01,1,
002491,通鼎互联,True,2026-07-01,1,
002594,比亚迪,True,2026-07-01,1,
603678,火炬电子,True,2026-07-01,1,
600879,航天电子,True,2026-07-01,1,
600900,长江电力,True,2026-07-01,1,
002859,洁美科技,True,2026-07-01,1,
000960,锡业股份,True,2026-07-01,1,
000630,铜陵有色,True,2026-07-01,1,
600226,亨通股份,True,2026-07-01,1,
000833,粤桂股份,True,2026-07-01,1,
002837,英维克,True,2026-07-01,1,
002222,福晶科技,True,2026-07-01,1,
000970,中科三环,True,2026-07-01,1,
601888,中国中免,True,2026-07-01,1,
002025,航天电器,True,2026-07-01,1,
603019,中科曙光,True,2026-07-01,1,
603078,江化微,True,2026-07-01,1,
000977,浪潮信息,True,2026-07-01,1,
600246,万通发展,True,2026-07-01,1,
603618,杭电股份,True,2026-07-01,1,
002261,拓维信息,True,2026-07-01,1,
601211,国泰海通,True,2026-07-01,1,
603002,宏昌电子,True,2026-07-01,1,
603929,亚翔集成,True,2026-07-01,1,
605006,山东玻纤,True,2026-07-01,1,
603501,豪威集团,True,2026-07-01,1,
600707,彩虹股份,True,2026-07-01,1,
601688,华泰证券,True,2026-07-01,1,
000962,东方钽业,True,2026-07-01,1,
600552,凯盛科技,True,2026-07-01,1,
000938,紫光股份,True,2026-07-01,1,
002602,世纪华通,True,2026-07-01,1,
600089,特变电工,True,2026-07-01,1,
000688,国城矿业,True,2026-07-01,1,
002645,华宏科技,True,2026-07-01,1,
603601,再升科技,True,2026-07-01,1,
601689,拓普集团,True,2026-07-01,1,
600309,万华化学,True,2026-07-01,1,
000823,超声电子,True,2026-07-01,1,
600036,招商银行,True,2026-07-01,1,
600276,恒瑞医药,True,2026-07-01,1,
002245,蔚蓝锂芯,True,2026-07-01,1,
601600,中国铝业,True,2026-07-01,1,
601231,环旭电子,True,2026-07-01,1,
601398,工商银行,True,2026-07-01,1,
600460,士兰微,True,2026-07-01,1,
000681,视觉中国,True,2026-07-01,1,
601336,新华保险,True,2026-07-01,1,
601288,农业银行,True,2026-07-01,1,
603663,三祥新材,True,2026-07-01,1,
601127,赛力斯,True,2026-07-01,1,
600150,中国船舶,True,2026-07-01,1,
600110,诺德股份,True,2026-07-01,1,
002230,科大讯飞,True,2026-07-01,1,
000733,振华科技,True,2026-07-01,1,
600578,京能电力,True,2026-07-01,1,
600255,鑫科材料,True,2026-07-01,1,
002125,湘潭电化,True,2026-07-01,1,
600875,东方电气,True,2026-07-01,1,
002364,中恒电气,True,2026-07-01,1,
002756,永兴材料,True,2026-07-01,1,
000066,中国长城,True,2026-07-01,1,
601857,中国石油,True,2026-07-01,1,
002600,领益智造,True,2026-07-01,1,
600989,宝丰能源,True,2026-07-01,1,
600338,西藏珠峰,True,2026-07-01,1,
603606,东方电缆,True,2026-07-01,1,
603308,应流股份,True,2026-07-01,1,
002176,江特电机,True,2026-07-01,1,
000831,中国稀土,True,2026-07-01,1,
002119,康强电子,True,2026-07-01,1,
601166,兴业银行,True,2026-07-01,1,
603399,永杉锂业,True,2026-07-01,1,
000426,兴业银锡,True,2026-07-01,1,
002735,王子新材,True,2026-07-01,1,
603778,国晟科技,True,2026-07-01,1,
600063,皖维高新,True,2026-07-01,1,
002896,中大力德,True,2026-07-01,1,
002579,中京电子,True,2026-07-01,1,
601678,滨化股份,True,2026-07-01,1,
002812,恩捷股份,True,2026-07-01,1,
002081,金 螳 螂,True,2026-07-01,1,
003031,中瓷电子,True,2026-07-01,1,
002213,大为股份,True,2026-07-01,1,
002273,水晶光电,True,2026-07-01,1,
002202,金风科技,True,2026-07-01,1,
002850,科达利,True,2026-07-01,1,
002654,万润科技,True,2026-07-01,1,
002842,翔鹭钨业,True,2026-07-01,1,
605117,德业股份,True,2026-07-01,1,
601601,中国太保,True,2026-07-01,1,
601698,中国卫通,True,2026-07-01,1,
000060,中金岭南,True,2026-07-01,1,
600172,黄河旋风,True,2026-07-01,1,
600031,三一重工,True,2026-07-01,1,
002254,泰和新材,True,2026-07-01,1,
002430,杭氧股份,True,2026-07-01,1,
600601,方正科技,True,2026-07-01,1,
600362,江西铜业,True,2026-07-01,1,
600403,大有能源,True,2026-07-01,1,
002056,横店东磁,True,2026-07-01,1,
002015,协鑫能科,True,2026-07-01,1,
600938,中国海油,True,2026-07-01,1,
002931,锋龙股份,True,2026-07-01,1,
002049,紫光国微,True,2026-07-01,1,
603296,华勤技术,True,2026-07-01,1,
601100,恒立液压,True,2026-07-01,1,
600482,中国动力,True,2026-07-01,1,
601628,中国人寿,True,2026-07-01,1,
002241,歌尔股份,True,2026-07-01,1,
002472,双环传动,True,2026-07-01,1,
002497,雅化集团,True,2026-07-01,1,
001203,大中矿业,True,2026-07-01,1,
601225,陕西煤业,True,2026-07-01,1,
002815,崇达技术,True,2026-07-01,1,
601919,中远海控,True,2026-07-01,1,
000969,安泰科技,True,2026-07-01,1,
600690,海尔智家,True,2026-07-01,1,
600563,法拉电子,True,2026-07-01,1,
600596,XD新安股,True,2026-07-01,1,
603667,五洲新春,True,2026-07-01,1,
002415,海康威视,True,2026-07-01,1,
600726,华电能源,True,2026-07-01,1,
003026,中晶科技,True,2026-07-01,1,
002975,博杰股份,True,2026-07-01,1,
603203,快克智能,True,2026-07-01,1,
601988,中国银行,True,2026-07-01,1,
601872,招商轮船,True,2026-07-01,1,
002165,红 宝 丽,True,2026-07-01,1,
600547,山东黄金,True,2026-07-01,1,
600489,中金黄金,True,2026-07-01,1,
000651,格力电器,True,2026-07-01,1,
600096,云天化,True,2026-07-01,1,
600580,卧龙电驱,True,2026-07-01,1,
002354,天娱数科,True,2026-07-01,1,
601728,中国电信,True,2026-07-01,1,
600301,华锡有色,True,2026-07-01,1,
600895,张江高科,True,2026-07-01,1,
600162,香江控股,True,2026-07-01,1,
600011,华能国际,True,2026-07-01,1,
603890,春秋电子,True,2026-07-01,1,
603283,赛腾股份,True,2026-07-01,1,
600256,广汇能源,True,2026-07-01,1,
601615,明阳智能,True,2026-07-01,1,
600259,中稀有色,True,2026-07-01,1,
603920,世运电路,True,2026-07-01,1,
002549,凯美特气,True,2026-07-01,1,
000807,云铝股份,True,2026-07-01,1,
000776,广发证券,True,2026-07-01,1,
002971,和远气体,True,2026-07-01,1,
600410,华胜天成,True,2026-07-01,1,
603459,红板科技,True,2026-07-01,1,
600732,爱旭股份,True,2026-07-01,1,
002171,楚江新材,True,2026-07-01,1,
601088,中国神华,True,2026-07-01,1,
000070,特发信息,True,2026-07-01,1,
603936,博敏电子,True,2026-07-01,1,
605318,法狮龙,True,2026-07-01,1,
002155,湖南黄金,True,2026-07-01,1,
603306,华懋科技,True,2026-07-01,1,
002142,宁波银行,True,2026-07-01,1,
600673,东阳光,True,2026-07-01,1,
600114,东睦股份,True,2026-07-01,1,
603823,百合花,True,2026-07-01,1,
603881,数据港,True,2026-07-01,1,
603220,中贝通信,True,2026-07-01,1,
000762,西藏矿业,True,2026-07-01,1,
603893,瑞芯微,True,2026-07-01,1,
000547,航天发展,True,2026-07-01,1,
002714,牧原股份,True,2026-07-01,1,
600893,航发动力,True,2026-07-01,1,
002759,天际股份,True,2026-07-01,1,
002208,合肥城建,True,2026-07-01,1,
002272,川润股份,True,2026-07-01,1,
000001,平安银行,True,2026-07-01,1,
001267,汇绿生态,True,2026-07-01,1,
603119,浙江荣泰,True,2026-07-01,1,
000062,深圳华强,True,2026-07-01,1,
601126,四方股份,True,2026-07-01,1,
600406,国电南瑞,True,2026-07-01,1,
603045,XD福达合,True,2026-07-01,1,
600988,赤峰黄金,True,2026-07-01,1,
000628,高新发展,True,2026-07-01,1,
600863,华能蒙电,True,2026-07-01,1,
000815,美利云,True,2026-07-01,1,
002552,宝鼎科技,True,2026-07-01,1,
000859,国风新材,True,2026-07-01,1,
002131,利欧股份,True,2026-07-01,1,
601939,建设银行,True,2026-07-01,1,
603267,鸿远电子,True,2026-07-01,1,
601179,中国西电,True,2026-07-01,1,
600722,金牛化工,True,2026-07-01,1,
002580,圣阳股份,True,2026-07-01,1,
002897,意华股份,True,2026-07-01,1,
601328,交通银行,True,2026-07-01,1,
601958,金钼股份,True,2026-07-01,1,
002536,飞龙股份,True,2026-07-01,1,
002046,国机精工,True,2026-07-01,1,
002565,顺灏股份,True,2026-07-01,1,
601868,中国能建,True,2026-07-01,1,
600999,招商证券,True,2026-07-01,1,
002741,光华科技,True,2026-07-01,1,
600909,华安证券,True,2026-07-01,1,
002465,海格通信,True,2026-07-01,1,
002432,九安医疗,True,2026-07-01,1,
603687,大胜达,True,2026-07-01,1,
000887,中鼎股份,True,2026-07-01,1,
605111,新洁能,True,2026-07-01,1,
600438,通威股份,True,2026-07-01,1,
600711,盛屯矿业,True,2026-07-01,1,
603268,松发股份,True,2026-07-01,1,
600078,澄星股份,True,2026-07-01,1,
600919,江苏银行,True,2026-07-01,1,
603260,合盛硅业,True,2026-07-01,1,
600188,兖矿能源,True,2026-07-01,1,
603608,天创时尚,True,2026-07-01,1,
003018,金富科技,True,2026-07-01,1,
601233,桐昆股份,True,2026-07-01,1,
603124,江南新材,True,2026-07-01,1,
600888,新疆众和,True,2026-07-01,1,
603662,柯力传感,True,2026-07-01,1,
603179,新泉股份,True,2026-07-01,1,
600010,包钢股份,True,2026-07-01,1,
002181,粤 传 媒,True,2026-07-01,1,
603319,美湖股份,True,2026-07-01,1,
600104,上汽集团,True,2026-07-01,1,
603026,石大胜华,True,2026-07-01,1,
002980,华盛昌,True,2026-07-01,1,
600158,中体产业,True,2026-07-01,1,
601727,上海电气,True,2026-07-01,1,
601766,中国中车,True,2026-07-01,1,
600060,海信视像,True,2026-07-01,1,
000539,粤电力Ａ,True,2026-07-01,1,
600905,三峡能源,True,2026-07-01,1,
002831,裕同科技,True,2026-07-01,1,
603039,泛微网络,True,2026-07-01,1,
000767,晋控电力,True,2026-07-01,1,
603063,禾望电气,True,2026-07-01,1,
600497,驰宏锌锗,True,2026-07-01,1,
603067,振华股份,True,2026-07-01,1,
000921,海信家电,True,2026-07-01,1,
002487,大金重工,True,2026-07-01,1,
002028,思源电气,True,2026-07-01,1,
002792,通宇通讯,True,2026-07-01,1,
600589,大位科技,True,2026-07-01,1,
002414,高德红外,True,2026-07-01,1,
002137,实益达,True,2026-07-01,1,
600397,江钨装备,True,2026-07-01,1,
600961,株冶集团,True,2026-07-01,1,
603155,新亚强,True,2026-07-01,1,
002195,岩山科技,True,2026-07-01,1,
600028,中国石化,True,2026-07-01,1,
002733,雄韬股份,True,2026-07-01,1,
001270,铖昌科技,True,2026-07-01,1,
600345,长江通信,True,2026-07-01,1,
002648,卫星化学,True,2026-07-01,1,
002179,中航光电,True,2026-07-01,1,
002929,润建股份,True,2026-07-01,1,
601985,中国核电,True,2026-07-01,1,
002969,嘉美包装,True,2026-07-01,1,
000408,藏格矿业,True,2026-07-01,1,
600887,伊利股份,True,2026-07-01,1,
603588,高能环境,True,2026-07-01,1,
002340,格林美,True,2026-07-01,1,
601168,西部矿业,True,2026-07-01,1,
603328,依顿电子,True,2026-07-01,1,
002490,山东墨龙,True,2026-07-01,1,
000422,湖北宜化,True,2026-07-01,1,
002624,完美世界,True,2026-07-01,1,
002335,科华数据,True,2026-07-01,1,
002824,和胜股份,True,2026-07-01,1,
002342,巨力索具,True,2026-07-01,1,
603516,淳中科技,True,2026-07-01,1,
600026,中远海能,True,2026-07-01,1,
002617,露笑科技,True,2026-07-01,1,
000670,盈方微,True,2026-07-01,1,
601669,中国电建,True,2026-07-01,1,
600795,国电电力,True,2026-07-01,1,
601133,柏诚股份,True,2026-07-01,1,
000933,神火股份,True,2026-07-01,1,
002251,步步高,True,2026-07-01,1,
000592,平潭发展,True,2026-07-01,1,
001257,盛龙股份,True,2026-07-01,1,
002532,天山铝业,True,2026-07-01,1,
600459,贵研铂业,True,2026-07-01,1,
600019,宝钢股份,True,2026-07-01,1,
000519,中兵红箭,True,2026-07-01,1,
002001,新 和 成,True,2026-07-01,1,
002167,东方锆业,True,2026-07-01,1,
000768,中航西飞,True,2026-07-01,1,
002669,康达新材,True,2026-07-01,1,
603318,水发燃气,True,2026-07-01,1,
002459,晶澳科技,True,2026-07-01,1,
600352,浙江龙盛,True,2026-07-01,1,
603500,祥和实业,True,2026-07-01,1,
600366,宁波韵升,True,2026-07-01,1,
603800,洪田股份,True,2026-07-01,1,
603031,安孚科技,True,2026-07-01,1,
603876,鼎胜新材,True,2026-07-01,1,
001280,中国铀业,True,2026-07-01,1,
002456,欧菲光,True,2026-07-01,1,
603379,三美股份,True,2026-07-01,1,
600577,精达股份,True,2026-07-01,1,
600184,光电股份,True,2026-07-01,1,
603690,至纯科技,True,2026-07-01,1,
600809,山西汾酒,True,2026-07-01,1,
601066,中信建投,True,2026-07-01,1,
002422,科伦药业,True,2026-07-01,1,
000727,冠捷科技,True,2026-07-01,1,
002957,科瑞技术,True,2026-07-01,1,
600516,方大炭素,True,2026-07-01,1,
002085,万丰奥威,True,2026-07-01,1,
002920,德赛西威,True,2026-07-01,1,
601816,京沪高铁,True,2026-07-01,1,
605020,永和股份,True,2026-07-01,1,
002429,兆驰股份,True,2026-07-01,1,
000975,山金国际,True,2026-07-01,1,
001389,广合科技,True,2026-07-01,1,
000700,模塑科技,True,2026-07-01,1,
000811,冰轮环境,True,2026-07-01,1,
002558,巨人网络,True,2026-07-01,1,
003043,华亚智能,True,2026-07-01,1,
600699,均胜电子,True,2026-07-01,1,
002716,湖南白银,True,2026-07-01,1,
603160,汇顶科技,True,2026-07-01,1,
600021,上海电力,True,2026-07-01,1,
600157,永泰能源,True,2026-07-01,1,
601016,节能风电,True,2026-07-01,1,
002613,北玻股份,True,2026-07-01,1,
603931,格林达,True,2026-07-01,1,
601456,国联民生,True,2026-07-01,1,
603538,美诺华,True,2026-07-01,1,
000568,泸州老窖,True,2026-07-01,1,
603061,金海通,True,2026-07-01,1,
600760,中航沈飞,True,2026-07-01,1,
600458,时代新材,True,2026-07-01,1,
002643,万润股份,True,2026-07-01,1,
002194,武汉凡谷,True,2026-07-01,1,
600926,杭州银行,True,2026-07-01,1,
000534,万泽股份,True,2026-07-01,1,
601360,三六零,True,2026-07-01,1,
603290,斯达半导,True,2026-07-01,1,
601636,旗滨集团,True,2026-07-01,1,
002317,众生药业,True,2026-07-01,1,
002446,盛路通信,True,2026-07-01,1,
000967,盈峰环境,True,2026-07-01,1,
000158,常山北明,True,2026-07-01,1,
601668,中国建筑,True,2026-07-01,1,
002979,雷赛智能,True,2026-07-01,1,
002608,江苏国信,True,2026-07-01,1,
601975,招商南油,True,2026-07-01,1,
000559,万向钱潮,True,2026-07-01,1,
002657,中科金财,True,2026-07-01,1,
002326,永太科技,True,2026-07-01,1,
600198,大唐电信,True,2026-07-01,1,
002555,三七互娱,True,2026-07-01,1,
002031,巨轮智能,True,2026-07-01,1,
603115,海星股份,True,2026-07-01,1,
601658,邮储银行,True,2026-07-01,1,
603659,璞泰来,True,2026-07-01,1,
600115,中国东航,True,2026-07-01,1,
603906,龙蟠科技,True,2026-07-01,1,
003036,泰坦股份,True,2026-07-01,1,
603135,中重科技,True,2026-07-01,1,
603859,能科科技,True,2026-07-01,1,
600363,联创光电,True,2026-07-01,1,
002922,伊戈尔,True,2026-07-01,1,
600016,民生银行,True,2026-07-01,1,
600481,双良节能,True,2026-07-01,1,
601633,长城汽车,True,2026-07-01,1,
601699,潞安环能,True,2026-07-01,1,
002625,光启技术,True,2026-07-01,1,
600000,浦发银行,True,2026-07-01,1,
600674,川投能源,True,2026-07-01,1,
603626,科森科技,True,2026-07-01,1,
002493,荣盛石化,True,2026-07-01,1,
601898,中煤能源,True,2026-07-01,1,
001287,中电港,True,2026-07-01,1,
002027,分众传媒,True,2026-07-01,1,
600545,卓郎智能,True,2026-07-01,1,
600941,中国移动,True,2026-07-01,1,
600221,海航控股,True,2026-07-01,1,
002183,怡 亚 通,True,2026-07-01,1,
600343,航天动力,True,2026-07-01,1,
600884,杉杉股份,True,2026-07-01,1,
000617,中油资本,True,2026-07-01,1,
603806,福斯特,True,2026-07-01,1,
603505,金石资源,True,2026-07-01,1,
002843,泰嘉股份,True,2026-07-01,1,
000620,盈新发展,True,2026-07-01,1,
000032,深桑达Ａ,True,2026-07-01,1,
002048,宁波华翔,True,2026-07-01,1,
600143,金发科技,True,2026-07-01,1,
601877,正泰电器,True,2026-07-01,1,
000034,神州数码,True,2026-07-01,1,
603989,艾华集团,True,2026-07-01,1,
002962,五方光电,True,2026-07-01,1,
002051,中工国际,True,2026-07-01,1,
601111,中国国航,True,2026-07-01,1,
601390,中国中铁,True,2026-07-01,1,
600219,南山铝业,True,2026-07-01,1,
002074,国轩高科,True,2026-07-01,1,
002312,川发龙蟒,True,2026-07-01,1,
600426,华鲁恒升,True,2026-07-01,1,
002655,共达电声,True,2026-07-01,1,
000983,山西焦煤,True,2026-07-01,1,
000878,云南铜业,True,2026-07-01,1,
002965,祥鑫科技,True,2026-07-01,1,
600050,中国联通,True,2026-07-01,1,
601009,南京银行,True,2026-07-01,1,
600736,苏州高新,True,2026-07-01,1,
000510,新金路,True,2026-07-01,1,
603728,鸣志电器,True,2026-07-01,1,
002130,沃尔核材,True,2026-07-01,1,
002263,大东南,True,2026-07-01,1,
603985,恒润股份,True,2026-07-01,1,
600360,华微电子,True,2026-07-01,1,
000603,盛达资源,True,2026-07-01,1,
605090,九丰能源,True,2026-07-01,1,
002203,海亮股份,True,2026-07-01,1,
600505,西昌电力,True,2026-07-01,1,
001210,金房能源,True,2026-07-01,1,
002506,协鑫集成,True,2026-07-01,1,
002201,九鼎新材,True,2026-07-01,1,
601818,光大银行,True,2026-07-01,1,
601778,晶科科技,True,2026-07-01,1,
601212,白银有色,True,2026-07-01,1,
002757,南兴股份,True,2026-07-01,1,
000048,京基智农,True,2026-07-01,1,
603225,新凤鸣,True,2026-07-01,1,
600573,惠泉啤酒,True,2026-07-01,1,
002517,恺英网络,True,2026-07-01,1,
603991,领先股份,True,2026-07-01,1,
600023,浙能电力,True,2026-07-01,1,
000625,长安汽车,True,2026-07-01,1,
603211,晋拓股份,True,2026-07-01,1,
600773,西藏城投,True,2026-07-01,1,
600237,铜峰电子,True,2026-07-01,1,
002518,科士达,True,2026-07-01,1,
002229,鸿博股份,True,2026-07-01,1,
600415,小商品城,True,2026-07-01,1,
605018,长华集团,True,2026-07-01,1,
600821,金开新能,True,2026-07-01,1,
002174,游族网络,True,2026-07-01,1,
601788,光大证券,True,2026-07-01,1,
600570,恒生电子,True,2026-07-01,1,
002236,大华股份,True,2026-07-01,1,
002993,奥海科技,True,2026-07-01,1,
003022,联泓新科,True,2026-07-01,1,
000981,山子高科,True,2026-07-01,1,
601677,明泰铝业,True,2026-07-01,1,
002915,中欣氟材,True,2026-07-01,1,
600977,中国电影,True,2026-07-01,1,
600776,东方通信,True,2026-07-01,1,
603486,科沃斯,True,2026-07-01,1,
001339,智微智能,True,2026-07-01,1,
600531,豫光金铅,True,2026-07-01,1,
002405,四维图新,True,2026-07-01,1,
600930,华电新能,True,2026-07-01,1,
603163,圣晖集成,True,2026-07-01,1,
603435,嘉德利,True,2026-07-01,1,
000799,酒鬼酒,True,2026-07-01,1,
601020,华钰矿业,True,2026-07-01,1,
002583,海能达,True,2026-07-01,1,
605499,东鹏饮料,True,2026-07-01,1,
002402,和而泰,True,2026-07-01,1,
002057,中钢天源,True,2026-07-01,1,
601058,赛轮轮胎,True,2026-07-01,1,
002515,金字火腿,True,2026-07-01,1,
601319,中国人保,True,2026-07-01,1,
603236,移远通信,True,2026-07-01,1,
002256,兆新股份,True,2026-07-01,1,
601609,金田股份,True,2026-07-01,1,
603185,弘元绿能,True,2026-07-01,1,
001330,博纳影业,True,2026-07-01,1,
603330,天洋新材,True,2026-07-01,1,
601838,成都银行,True,2026-07-01,1,
002865,钧达股份,True,2026-07-01,1,
601137,博威合金,True,2026-07-01,1,
002426,胜利精密,True,2026-07-01,1,
601918,新集能源,True,2026-07-01,1,
600121,郑州煤电,True,2026-07-01,1,
002352,顺丰控股,True,2026-07-01,1,
002455,百川股份,True,2026-07-01,1,
002400,省广集团,True,2026-07-01,1,
601001,晋控煤业,True,2026-07-01,1,
000759,中百集团,True,2026-07-01,1,
601606,长城军工,True,2026-07-01,1,
600331,宏达股份,True,2026-07-01,1,
000973,佛塑科技,True,2026-07-01,1,
603311,金海高科,True,2026-07-01,1,
000037,深南电A,True,2026-07-01,1,
600588,用友网络,True,2026-07-01,1,
603158,腾龙股份,True,2026-07-01,1,
603393,新天然气,True,2026-07-01,1,
002902,铭普光磁,True,2026-07-01,1,
600027,华电国际,True,2026-07-01,1,
600536,中国软件,True,2026-07-01,1,
002527,新时达,True,2026-07-01,1,
002106,莱宝高科,True,2026-07-01,1,
600688,上海石化,True,2026-07-01,1,
002881,美格智能,True,2026-07-01,1,
603867,新化股份,True,2026-07-01,1,
000966,长源电力,True,2026-07-01,1,
002396,星网锐捷,True,2026-07-01,1,
600346,恒力石化,True,2026-07-01,1,
000593,德龙汇能,True,2026-07-01,1,
002126,银轮股份,True,2026-07-01,1,
600488,津药药业,True,2026-07-01,1,
002885,京泉华,True,2026-07-01,1,
000582,北部湾港,True,2026-07-01,1,
002498,汉缆股份,True,2026-07-01,1,
600585,海螺水泥,True,2026-07-01,1,
601169,北京银行,True,2026-07-01,1,
002611,东方精工,True,2026-07-01,1,
603303,得邦照明,True,2026-07-01,1,
000157,中联重科,True,2026-07-01,1,
000029,深深房Ａ,True,2026-07-01,1,
002706,良信股份,True,2026-07-01,1,
002413,雷科防务,True,2026-07-01,1,
000783,长江证券,True,2026-07-01,1,
600602,云赛智联,True,2026-07-01,1,
600103,青山纸业,True,2026-07-01,1,
002779,中坚科技,True,2026-07-01,1,
600227,赤天化,True,2026-07-01,1,
603619,中曼石油,True,2026-07-01,1,
000963,华东医药,True,2026-07-01,1,
603598,引力传媒,True,2026-07-01,1,
002584,西陇科学,True,2026-07-01,1,
002290,禾盛新材,True,2026-07-01,1,
601666,平煤股份,True,2026-07-01,1,
002092,中泰化学,True,2026-07-01,1,
000837,秦川机床,True,2026-07-01,1,
603278,大业股份,True,2026-07-01,1,
600666,奥瑞德,True,2026-07-01,1,
002821,凯莱英,True,2026-07-01,1,
002797,第一创业,True,2026-07-01,1,
601117,中国化学,True,2026-07-01,1,
002225,濮耐股份,True,2026-07-01,1,
002522,浙江众成,True,2026-07-01,1,
600556,天下秀,True,2026-07-01,1,
003021,兆威机电,True,2026-07-01,1,
600906,财达证券,True,2026-07-01,1,
000166,申万宏源,True,2026-07-01,1,
603683,晶华新材,True,2026-07-01,1,
600886,国投电力,True,2026-07-01,1,
600293,三峡新材,True,2026-07-01,1,
600714,金瑞矿业,True,2026-07-01,1,
600660,福耀玻璃,True,2026-07-01,1,
601995,中金公司,True,2026-07-01,1,
002960,青鸟智控,True,2026-07-01,1,
000608,阳光股份,True,2026-07-01,1,
002064,华峰化学,True,2026-07-01,1,
002768,国恩股份,True,2026-07-01,1,
002981,朝阳科技,True,2026-07-01,1,
600600,青岛啤酒,True,2026-07-01,1,
000558,天府文旅,True,2026-07-01,1,
600936,北投科技,True,2026-07-01,1,
600166,福田汽车,True,2026-07-01,1,
000661,长春高新,True,2026-07-01,1,
002531,天顺风能,True,2026-07-01,1,
002134,天津普林,True,2026-07-01,1,
002217,合力泰,True,2026-07-01,1,
002009,天奇股份,True,2026-07-01,1,
002947,恒铭达,True,2026-07-01,1,
601006,大秦铁路,True,2026-07-01,1,
600228,返利科技,True,2026-07-01,1,
002806,华锋股份,True,2026-07-01,1,
000509,华塑控股,True,2026-07-01,1,
600744,华银电力,True,2026-07-01,1,
000680,山推股份,True,2026-07-01,1,
605186,健麾信息,True,2026-07-01,1,
000601,韶能股份,True,2026-07-01,1,
601998,中信银行,True,2026-07-01,1,
000737,北方铜业,True,2026-07-01,1,
605566,福莱蒽特,True,2026-07-01,1,
002169,智光电气,True,2026-07-01,1,
600391,航发科技,True,2026-07-01,1,
000538,云南白药,True,2026-07-01,1,
002639,雪人集团,True,2026-07-01,1,
603288,海天味业,True,2026-07-01,1,
002362,汉王科技,True,2026-07-01,1,
600058,五矿发展,True,2026-07-01,1,
002311,海大集团,True,2026-07-01,1,
002913,奥士康,True,2026-07-01,1,
600683,京投发展,True,2026-07-01,1,
600839,四川长虹,True,2026-07-01,1,
002601,龙佰集团,True,2026-07-01,1,
002470,金正大,True,2026-07-01,1,
601377,兴业证券,True,2026-07-01,1,
000506,招金黄金,True,2026-07-01,1,
000703,恒逸石化,True,2026-07-01,1,
002534,西子洁能,True,2026-07-01,1,
603979,金诚信,True,2026-07-01,1,
002903,宇环数控,True,2026-07-01,1,
002283,天润工业,True,2026-07-01,1,
600986,浙文互联,True,2026-07-01,1,
603127,昭衍新药,True,2026-07-01,1,
601881,中国银河,True,2026-07-01,1,
002471,中超控股,True,2026-07-01,1,
600048,保利发展,True,2026-07-01,1,
000690,宝新能源,True,2026-07-01,1,
002796,世嘉科技,True,2026-07-01,1,
002745,木林森,True,2026-07-01,1,
001337,四川黄金,True,2026-07-01,1,
600985,淮北矿业,True,2026-07-01,1,
002708,光洋股份,True,2026-07-01,1,
603861,白云电器,True,2026-07-01,1,
603886,元祖股份,True,2026-07-01,1,
002044,美年健康,True,2026-07-01,1,
600903,贵州燃气,True,2026-07-01,1,
600593,大连圣亚,True,2026-07-01,1,
002128,电投能源,True,2026-07-01,1,
601229,上海银行,True,2026-07-01,1,
000591,太阳能,True,2026-07-01,1,
003019,宸展光电,True,2026-07-01,1,
600783,鲁信创投,True,2026-07-01,1,
000883,湖北能源,True,2026-07-01,1,
002607,中公教育,True,2026-07-01,1,
002132,恒星科技,True,2026-07-01,1,
002886,沃特股份,True,2026-07-01,1,
002823,凯中精密,True,2026-07-01,1,
603730,岱美股份,True,2026-07-01,1,
600693,东百集团,True,2026-07-01,1,
603533,掌阅科技,True,2026-07-01,1,
603156,养元饮品,True,2026-07-01,1,
603596,伯特利,True,2026-07-01,1,
002379,宏桥控股,True,2026-07-01,1,
000893,亚钾国际,True,2026-07-01,1,
605196,华通线缆,True,2026-07-01,1,
003009,中天火箭,True,2026-07-01,1,
603444,吉比特,True,2026-07-01,1,
601916,浙商银行,True,2026-07-01,1,
000890,法尔胜,True,2026-07-01,1,
600769,祥龙电业,True,2026-07-01,1,
000530,冰山冷热,True,2026-07-01,1,
000155,川能动力,True,2026-07-01,1,
603950,长源东谷,True,2026-07-01,1,
603733,仙鹤股份,True,2026-07-01,1,
000050,深天马Ａ,True,2026-07-01,1,
002937,兴瑞科技,True,2026-07-01,1,
600873,梅花生物,True,2026-07-01,1,
600126,杭钢股份,True,2026-07-01,1,
002036,联创电子,True,2026-07-01,1,
600141,兴发集团,True,2026-07-01,1,
000729,燕京啤酒,True,2026-07-01,1,
000997,新 大 陆,True,2026-07-01,1,
600310,广西能源,True,2026-07-01,1,
600611,大众交通,True,2026-07-01,1,
002559,亚威股份,True,2026-07-01,1,
001269,欧晶科技,True,2026-07-01,1,
000528,柳    工,True,2026-07-01,1,
603129,春风动力,True,2026-07-01,1,
002545,东方铁塔,True,2026-07-01,1,
002951,金时科技,True,2026-07-01,1,
600590,泰豪科技,True,2026-07-01,1,
002568,百润股份,True,2026-07-01,1,
600845,宝信软件,True,2026-07-01,1,
600408,安泰集团,True,2026-07-01,1,
600483,福能股份,True,2026-07-01,1,
603757,大元泵业,True,2026-07-01,1,
003816,中国广核,True,2026-07-01,1,
002271,东方雨虹,True,2026-07-01,1,
000417,合百集团,True,2026-07-01,1,
002077,大港股份,True,2026-07-01,1,
002334,英威腾,True,2026-07-01,1,
600637,东方明珠,True,2026-07-01,1,
002079,苏州固锝,True,2026-07-01,1,
603212,赛伍技术,True,2026-07-01,1,
000830,鲁西化工,True,2026-07-01,1,
603681,永冠新材,True,2026-07-01,1,
600066,宇通客车,True,2026-07-01,1,
600015,华夏银行,True,2026-07-01,1,
002647,仁东控股,True,2026-07-01,1,
000002,万  科Ａ,True,2026-07-01,1,
603386,骏亚科技,True,2026-07-01,1,
000880,潍柴重机,True,2026-07-01,1,
002180,奔图科技,True,2026-07-01,1,
600979,广安爱众,True,2026-07-01,1,
600436,片仔癀,True,2026-07-01,1,
603269,海鸥股份,True,2026-07-01,1,
601799,星宇股份,True,2026-07-01,1,
600885,宏发股份,True,2026-07-01,1,
002338,奥普光电,True,2026-07-01,1,
600881,亚泰集团,True,2026-07-01,1,
000672,上峰材料,True,2026-07-01,1,
603990,麦迪科技,True,2026-07-01,1,
600546,山煤国际,True,2026-07-01,1,
002292,奥飞娱乐,True,2026-07-01,1,
002294,信立泰,True,2026-07-01,1,
002955,鸿合科技,True,2026-07-01,1,
000920,沃顿科技,True,2026-07-01,1,
002157,正邦科技,True,2026-07-01,1,
002387,维信诺,True,2026-07-01,1,
603206,嘉环科技,True,2026-07-01,1,
600719,大连热电,True,2026-07-01,1,
000766,通化金马,True,2026-07-01,1,
002115,三维通信,True,2026-07-01,1,
002787,华源控股,True,2026-07-01,1,
600981,苏豪汇鸿,True,2026-07-01,1,
603766,隆鑫通用,True,2026-07-01,1,
600029,南方航空,True,2026-07-01,1,
000039,中集集团,True,2026-07-01,1,
002252,上海莱士,True,2026-07-01,1,
002151,北斗星通,True,2026-07-01,1,
002520,日发精机,True,2026-07-01,1,
000564,供销大集,True,2026-07-01,1,
603099,长白山,True,2026-07-01,1,
000600,建投能源,True,2026-07-01,1,
000876,新 希 望,True,2026-07-01,1,
601021,春秋航空,True,2026-07-01,1,
605299,舒华体育,True,2026-07-01,1,
001301,尚太科技,True,2026-07-01,1,
002670,国盛证券,True,2026-07-01,1,
000543,皖能电力,True,2026-07-01,1,
002966,苏州银行,True,2026-07-01,1,
603888,新华网,True,2026-07-01,1,
603826,坤彩科技,True,2026-07-01,1,
002539,云图控股,True,2026-07-01,1,
003004,声迅股份,True,2026-07-01,1,
002940,昂利康,True,2026-07-01,1,
603305,旭升集团,True,2026-07-01,1,
603341,龙旗科技,True,2026-07-01,1,
601069,西部黄金,True,2026-07-01,1,
601665,齐鲁银行,True,2026-07-01,1,
603103,横店影视,True,2026-07-01,1,
002703,浙江世宝,True,2026-07-01,1,
601777,千里科技,True,2026-07-01,1,
601101,XD昊华能,True,2026-07-01,1,
002249,大洋电机,True,2026-07-01,1,
002635,安洁科技,True,2026-07-01,1,
600520,三佳科技,True,2026-07-01,1,
600196,复星医药,True,2026-07-01,1,
603698,航天工程,True,2026-07-01,1,
600749,西藏旅游,True,2026-07-01,1,
600758,辽宁能源,True,2026-07-01,1,
002943,宇晶股份,True,2026-07-01,1,
600610,中毅达,True,2026-07-01,1,
002309,中利集团,True,2026-07-01,1,
601717,中创智领,True,2026-07-01,1,
600151,航天机电,True,2026-07-01,1,
600973,宝胜股份,True,2026-07-01,1,
603285,键邦股份,True,2026-07-01,1,
603276,恒兴新材,True,2026-07-01,1,
600595,中孚实业,True,2026-07-01,1,
002164,宁波东力,True,2026-07-01,1,
603375,盛景微,True,2026-07-01,1,
002246,北化股份,True,2026-07-01,1,
603077,和邦生物,True,2026-07-01,1,
603052,可川科技,True,2026-07-01,1,
600733,北汽蓝谷,True,2026-07-01,1,
601216,君正集团,True,2026-07-01,1,
002196,方正电机,True,2026-07-01,1,
002457,青龙管业,True,2026-07-01,1,
000536,华映科技,True,2026-07-01,1,
600372,中航机载,True,2026-07-01,1,
600630,龙头股份,True,2026-07-01,1,
002575,群兴玩具,True,2026-07-01,1,
600280,中央商场,True,2026-07-01,1,
600550,保变电气,True,2026-07-01,1,
600996,贵广网络,True,2026-07-01,1,
000400,许继电气,True,2026-07-01,1,
601901,方正证券,True,2026-07-01,1,
601099,太平洋,True,2026-07-01,1,
002553,南方精工,True,2026-07-01,1,
001317,三羊马,True,2026-07-01,1,
000099,中信海直,True,2026-07-01,1,
600698,湖南天雁,True,2026-07-01,1,
600098,广州发展,True,2026-07-01,1,
002039,黔源电力,True,2026-07-01,1,
601567,三星电气,True,2026-07-01,1,
002328,新朋股份,True,2026-07-01,1,
605123,派克新材,True,2026-07-01,1,
002970,锐明技术,True,2026-07-01,1,
600486,扬农化工,True,2026-07-01,1,
603000,人民网,True,2026-07-01,1,
001211,双枪科技,True,2026-07-01,1,
002350,北京科锐,True,2026-07-01,1,
000722,湖南发展,True,2026-07-01,1,
603009,北特科技,True,2026-07-01,1,
002805,丰元股份,True,2026-07-01,1,
002380,科远智慧,True,2026-07-01,1,
000925,众合科技,True,2026-07-01,1,
002270,华明装备,True,2026-07-01,1,
600515,海南机场,True,2026-07-01,1,
002065,东华软件,True,2026-07-01,1,
002906,华阳集团,True,2026-07-01,1,
600072,中船科技,True,2026-07-01,1,
000795,英洛华,True,2026-07-01,1,
600348,华阳股份,True,2026-07-01,1,
603301,振德医疗,True,2026-07-01,1,
600452,涪陵电力,True,2026-07-01,1,
002150,正泰电源,True,2026-07-01,1,
600871,石化油服,True,2026-07-01,1,
603636,南威软件,True,2026-07-01,1,
002570,贝因美,True,2026-07-01,1,
002587,奥拓电子,True,2026-07-01,1,
001369,双欣材料,True,2026-07-01,1,
002895,川恒股份,True,2026-07-01,1,
601077,渝农商行,True,2026-07-01,1,
002416,爱施德,True,2026-07-01,1,
600499,科达制造,True,2026-07-01,1,
600500,中化国际,True,2026-07-01,1,
600088,中视传媒,True,2026-07-01,1,
000712,锦龙股份,True,2026-07-01,1,
002739,儒意电影,True,2026-07-01,1,
603010,万盛股份,True,2026-07-01,1,
001215,千味央厨,True,2026-07-01,1,
603120,肯特催化,True,2026-07-01,1,
600312,平高电气,True,2026-07-01,1,
002023,海特高新,True,2026-07-01,1,
603226,菲林格尔,True,2026-07-01,1,
000999,华润三九,True,2026-07-01,1,
605208,永茂泰,True,2026-07-01,1,
605289,罗曼股份,True,2026-07-01,1,
603032,德新科技,True,2026-07-01,1,
000802,北京文化,True,2026-07-01,1,
002995,天地在线,True,2026-07-01,1,
603439,三力制药,True,2026-07-01,1,
600791,京能置业,True,2026-07-01,1,
002782,可立克,True,2026-07-01,1,
000935,四川双马,True,2026-07-01,1,
603699,纽威股份,True,2026-07-01,1,
600170,上海建工,True,2026-07-01,1,
001979,招商蛇口,True,2026-07-01,1,
603997,继峰股份,True,2026-07-01,1,
600108,亚盛集团,True,2026-07-01,1,
000629,钒钛股份,True,2026-07-01,1,
000875,电投绿能,True,2026-07-01,1,
002235,安妮股份,True,2026-07-01,1,
600171,上海贝岭,True,2026-07-01,1,
600518,康美药业,True,2026-07-01,1,
605580,恒盛能源,True,2026-07-01,1,
603087,甘李药业,True,2026-07-01,1,
605100,华丰股份,True,2026-07-01,1,
600152,维科技术,True,2026-07-01,1,
600032,XD浙江新,True,2026-07-01,1,
600958,东方证券,True,2026-07-01,1,
600435,北方导航,True,2026-07-01,1,
002809,红墙股份,True,2026-07-01,1,
603977,国泰集团,True,2026-07-01,1,
002141,贤丰控股,True,2026-07-01,1,
601108,财通证券,True,2026-07-01,1,
601162,天风证券,True,2026-07-01,1,
002832,比音勒芬,True,2026-07-01,1,
000027,深圳能源,True,2026-07-01,1,
002948,青岛银行,True,2026-07-01,1,
002068,黑猫股份,True,2026-07-01,1,
605133,嵘泰股份,True,2026-07-01,1,
000697,炼石航空,True,2026-07-01,1,
600203,福日电子,True,2026-07-01,1,
002845,同兴达,True,2026-07-01,1,
601618,中国中冶,True,2026-07-01,1,
605588,冠石科技,True,2026-07-01,1,
002410,广联达,True,2026-07-01,1,
002279,久其软件,True,2026-07-01,1,
002876,三利谱,True,2026-07-01,1,
600850,电科数字,True,2026-07-01,1,
603661,恒林股份,True,2026-07-01,1,
605168,三人行,True,2026-07-01,1,
000533,顺钠股份,True,2026-07-01,1,
002606,大连电瓷,True,2026-07-01,1,
603369,今世缘,True,2026-07-01,1,
605488,福莱新材,True,2026-07-01,1,
603613,国联股份,True,2026-07-01,1,
603118,共进股份,True,2026-07-01,1,
600741,华域汽车,True,2026-07-01,1,
600207,安彩高科,True,2026-07-01,1,
002348,高乐股份,True,2026-07-01,1,
600100,同方股份,True,2026-07-01,1,
600229,城市传媒,True,2026-07-01,1,
002439,启明星辰,True,2026-07-01,1,
600123,兰花科创,True,2026-07-01,1,
002078,太阳纸业,True,2026-07-01,1,
002266,浙富控股,True,2026-07-01,1,
600490,鹏欣资源,True,2026-07-01,1,
000791,甘肃能源,True,2026-07-01,1,
000785,居然智家,True,2026-07-01,1,
600843,上工申贝,True,2026-07-01,1,
600862,中航高科,True,2026-07-01,1,
000612,焦作万方,True,2026-07-01,1,
003025,思进智能,True,2026-07-01,1,
600446,金证股份,True,2026-07-01,1,
603139,康惠股份,True,2026-07-01,1,
603315,福鞍股份,True,2026-07-01,1,
603358,华达科技,True,2026-07-01,1,
002418,康盛股份,True,2026-07-01,1,
000415,渤海租赁,True,2026-07-01,1,
600633,浙数文化,True,2026-07-01,1,
601118,海南橡胶,True,2026-07-01,1,
000990,诚志股份,True,2026-07-01,1,
600109,国金证券,True,2026-07-01,1,
603638,艾迪精密,True,2026-07-01,1,
600727,鲁北化工,True,2026-07-01,1,
600361,创新新材,True,2026-07-01,1,
002488,金固股份,True,2026-07-01,1,
002406,远东传动,True,2026-07-01,1,
000738,航发控制,True,2026-07-01,1,
603360,百傲化学,True,2026-07-01,1,
002467,二六三,True,2026-07-01,1,
000958,电投产融,True,2026-07-01,1,
603527,众源新材,True,2026-07-01,1,
002982,湘佳股份,True,2026-07-01,1,
601800,中国交建,True,2026-07-01,1,
001286,陕西能源,True,2026-07-01,1,
603270,金帝股份,True,2026-07-01,1,
000818,航锦科技,True,2026-07-01,1,
600642,申能股份,True,2026-07-01,1,
002516,旷达科技,True,2026-07-01,1,
600801,华新建材,True,2026-07-01,1,
603016,新宏泰,True,2026-07-01,1,
002925,盈趣科技,True,2026-07-01,1,
002838,道恩股份,True,2026-07-01,1,
000901,航天科技,True,2026-07-01,1,
603466,风语筑,True,2026-07-01,1,
603345,安井食品,True,2026-07-01,1,
605287,德才股份,True,2026-07-01,1,
002043,兔 宝 宝,True,2026-07-01,1,
002389,航天彩虹,True,2026-07-01,1,
600654,中安科,True,2026-07-01,1,
000708,中信特钢,True,2026-07-01,1,
603992,松霖科技,True,2026-07-01,1,
002829,星网宇达,True,2026-07-01,1,
603496,恒为科技,True,2026-07-01,1,
600995,南网储能,True,2026-07-01,1,
605222,起帆电缆,True,2026-07-01,1,
000420,吉林化纤,True,2026-07-01,1,
002840,华统股份,True,2026-07-01,1,
601186,中国铁建,True,2026-07-01,1,
601878,浙商证券,True,2026-07-01,1,
001393,维通利,True,2026-07-01,1,
601933,永辉超市,True,2026-07-01,1,
002730,电光科技,True,2026-07-01,1,
603458,勘设股份,True,2026-07-01,1,
600592,龙溪股份,True,2026-07-01,1,
600509,天富能源,True,2026-07-01,1,
002265,建设工业,True,2026-07-01,1,
002803,吉宏股份,True,2026-07-01,1,
603001,奥康国际,True,2026-07-01,1,
603897,长城科技,True,2026-07-01,1,
002445,中南文化,True,2026-07-01,1,
000520,凤凰航运,True,2026-07-01,1,
601997,贵阳银行,True,2026-07-01,1,
000065,北方国际,True,2026-07-01,1,
002124,天邦食品,True,2026-07-01,1,
600132,重庆啤酒,True,2026-07-01,1,
001314,亿道信息,True,2026-07-01,1,
000786,北新建材,True,2026-07-01,1,
603616,韩建河山,True,2026-07-01,1,
603605,珀莱雅,True,2026-07-01,1,
600567,山鹰国际,True,2026-07-01,1,
001400,江顺科技,True,2026-07-01,1,
002182,宝武镁业,True,2026-07-01,1,
002259,升达林业,True,2026-07-01,1,
002385,大北农,True,2026-07-01,1,
001212,中旗新材,True,2026-07-01,1,
002210,飞马国际,True,2026-07-01,1,
001237,惠康科技,True,2026-07-01,1,
000537,绿发电力,True,2026-07-01,1,
605277,新亚电子,True,2026-07-01,1,
603316,诚邦股份,True,2026-07-01,1,
002987,京北方,True,2026-07-01,1,
600618,氯碱化工,True,2026-07-01,1,
000829,天音控股,True,2026-07-01,1,
603978,深圳新星,True,2026-07-01,1,
000555,神州信息,True,2026-07-01,1,
601865,福莱特,True,2026-07-01,1,
600970,XD中材国,True,2026-07-01,1,
002034,旺能环境,True,2026-07-01,1,
601128,常熟银行,True,2026-07-01,1,
002935,天奥电子,True,2026-07-01,1,
000025,特  力Ａ,True,2026-07-01,1,
603093,南华期货,True,2026-07-01,1,
600702,舍得酒业,True,2026-07-01,1,
600008,首创环保,True,2026-07-01,1,
002368,太极股份,True,2026-07-01,1,
002153,石基信息,True,2026-07-01,1,
601011,宝泰隆,True,2026-07-01,1,
603108,润达医疗,True,2026-07-01,1,
003032,传智教育,True,2026-07-01,1,
000895,双汇发展,True,2026-07-01,1,
601696,中银证券,True,2026-07-01,1,
603012,创力集团,True,2026-07-01,1,
002104,恒宝股份,True,2026-07-01,1,
000949,新乡化纤,True,2026-07-01,1,
601965,中国汽研,True,2026-07-01,1,
002421,达实智能,True,2026-07-01,1,
600178,东安动力,True,2026-07-01,1,
002736,国信证券,True,2026-07-01,1,
002139,拓邦股份,True,2026-07-01,1,
601198,东兴证券,True,2026-07-01,1,
000012,南  玻Ａ,True,2026-07-01,1,
002173,创新医疗,True,2026-07-01,1,
603194,中力股份,True,2026-07-01,1,
600619,海立股份,True,2026-07-01,1,
002544,普天科技,True,2026-07-01,1,
603722,阿科力,True,2026-07-01,1,
601963,重庆银行,True,2026-07-01,1,
002121,科陆电子,True,2026-07-01,1,
601555,东吴证券,True,2026-07-01,1,
000751,锌业股份,True,2026-07-01,1,
601611,中国核建,True,2026-07-01,1,
601136,首创证券,True,2026-07-01,1,
600025,华能水电,True,2026-07-01,1,
002444,巨星科技,True,2026-07-01,1,
002928,华夏航空,True,2026-07-01,1,
600480,凌云股份,True,2026-07-01,1,
002631,德尔未来,True,2026-07-01,1,
002304,洋河股份,True,2026-07-01,1,
601702,华峰铝业,True,2026-07-01,1,
603298,杭叉集团,True,2026-07-01,1,
000691,亚太实业,True,2026-07-01,1,
605198,安德利,True,2026-07-01,1,
600428,中远海特,True,2026-07-01,1,
601187,厦门银行,True,2026-07-01,1,
600208,衢州发展,True,2026-07-01,1,
002237,恒邦股份,True,2026-07-01,1,
600901,江苏金租,True,2026-07-01,1,
000980,众泰汽车,True,2026-07-01,1,
600456,宝钛股份,True,2026-07-01,1,
600575,淮河能源,True,2026-07-01,1,
000723,美锦能源,True,2026-07-01,1,
600737,中粮糖业,True,2026-07-01,1,
600685,中船防务,True,2026-07-01,1,
001316,润贝航科,True,2026-07-01,1,
601519,大智慧,True,2026-07-01,1,
002681,奋达科技,True,2026-07-01,1,
000899,赣能股份,True,2026-07-01,1,
000682,东方电子,True,2026-07-01,1,
002067,景兴纸业,True,2026-07-01,1,
000720,新能泰山,True,2026-07-01,1,
600061,国投资本,True,2026-07-01,1,
002795,永和智控,True,2026-07-01,1,
600322,津投城开,True,2026-07-01,1,
603150,万朗磁塑,True,2026-07-01,1,
002244,滨江集团,True,2026-07-01,1,
002469,三维化学,True,2026-07-01,1,
002637,赞宇科技,True,2026-07-01,1,
002434,万里扬,True,2026-07-01,1,
001259,利仁科技,True,2026-07-01,1,
002489,浙江永强,True,2026-07-01,1,
601222,林洋能源,True,2026-07-01,1,
600598,北大荒,True,2026-07-01,1,
600559,老白干酒,True,2026-07-01,1,
603198,迎驾贡酒,True,2026-07-01,1,
603779,威龙股份,True,2026-07-01,1,
603809,豪能股份,True,2026-07-01,1,
002366,融发核电,True,2026-07-01,1,
001365,天海电子,True,2026-07-01,1,
603333,尚纬股份,True,2026-07-01,1,
603392,万泰生物,True,2026-07-01,1,
600233,圆通速递,True,2026-07-01,1,
002771,真视通,True,2026-07-01,1,
002152,广电运通,True,2026-07-01,1,
600629,华建集团,True,2026-07-01,1,
002878,元隆雅图,True,2026-07-01,1,
000932,华菱钢铁,True,2026-07-01,1,
002158,汉钟精机,True,2026-07-01,1,
000917,电广传媒,True,2026-07-01,1,
603737,三棵树,True,2026-07-01,1,
600038,中直股份,True,2026-07-01,1,
601808,XD中海油,True,2026-07-01,1,
600416,湘电股份,True,2026-07-01,1,
603976,正川股份,True,2026-07-01,1,
600502,安徽建工,True,2026-07-01,1,
002468,申通快递,True,2026-07-01,1,
600918,中泰证券,True,2026-07-01,1,
601969,海南矿业,True,2026-07-01,1,
002560,通达股份,True,2026-07-01,1,
600828,茂业商业,True,2026-07-01,1,
603300,海南华铁,True,2026-07-01,1,
000758,中色股份,True,2026-07-01,1,
002145,钛能化学,True,2026-07-01,1,
601399,国机重装,True,2026-07-01,1,
002452,长高电气,True,2026-07-01,1,
000951,中国重汽,True,2026-07-01,1,
001359,平安电工,True,2026-07-01,1,
603110,东方材料,True,2026-07-01,1,
000552,甘肃能化,True,2026-07-01,1,
002440,闰土股份,True,2026-07-01,1,
603042,华脉科技,True,2026-07-01,1,
002478,常宝股份,True,2026-07-01,1,
600161,天坛生物,True,2026-07-01,1,
601156,东航物流,True,2026-07-01,1,
600163,中闽能源,True,2026-07-01,1,
600529,山东药玻,True,2026-07-01,1,
000968,蓝焰控股,True,2026-07-01,1,
600377,宁沪高速,True,2026-07-01,1,
002449,国星光电,True,2026-07-01,1,
600298,安琪酵母,True,2026-07-01,1,
603338,浙江鼎力,True,2026-07-01,1,
002345,潮宏基,True,2026-07-01,1,
000683,博源化工,True,2026-07-01,1,
002698,博实股份,True,2026-07-01,1,
000801,四川九洲,True,2026-07-01,1,
001258,立新能源,True,2026-07-01,1,
600797,浙大网新,True,2026-07-01,1,
000810,创维数字,True,2026-07-01,1,
603327,福蓉科技,True,2026-07-01,1,
002530,金财互联,True,2026-07-01,1,
603324,盛剑科技,True,2026-07-01,1,
002243,力合科创,True,2026-07-01,1,
003035,南网能源,True,2026-07-01,1,
603530,XD神马电,True,2026-07-01,1,
002595,豪迈科技,True,2026-07-01,1,
600765,中航重机,True,2026-07-01,1,
002990,盛视科技,True,2026-07-01,1,
600521,华海药业,True,2026-07-01,1,
603353,和顺石油,True,2026-07-01,1,
002640,跨境通,True,2026-07-01,1,
600116,三峡水利,True,2026-07-01,1,
601375,中原证券,True,2026-07-01,1,
601921,浙版传媒,True,2026-07-01,1,
600279,重庆港,True,2026-07-01,1,
000581,威孚高科,True,2026-07-01,1,
000678,襄阳轴承,True,2026-07-01,1,
600562,国睿科技,True,2026-07-01,1,
001332,锡装股份,True,2026-07-01,1,
600285,XD羚锐制,True,2026-07-01,1,
600135,乐凯胶片,True,2026-07-01,1,
600201,生物股份,True,2026-07-01,1,
603335,迪生力,True,2026-07-01,1,
600009,上海机场,True,2026-07-01,1,
002276,万马股份,True,2026-07-01,1,
601059,信达证券,True,2026-07-01,1,
603040,新坐标,True,2026-07-01,1,
600967,内蒙一机,True,2026-07-01,1,
002218,拓日新能,True,2026-07-01,1,
002685,华东重机,True,2026-07-01,1,
003030,祖名股份,True,2026-07-01,1,
002871,伟隆股份,True,2026-07-01,1,
002250,联化科技,True,2026-07-01,1,
603407,长裕集团,True,2026-07-01,1,
601608,中信重工,True,2026-07-01,1,
605058,澳弘电子,True,2026-07-01,1,
002510,天汽模,True,2026-07-01,1,
002830,名雕股份,True,2026-07-01,1,
600339,中油工程,True,2026-07-01,1,
000513,丽珠集团,True,2026-07-01,1,
002388,新亚制程,True,2026-07-01,1,
600566,济川药业,True,2026-07-01,1,
002443,金洲管道,True,2026-07-01,1,
603660,苏州科达,True,2026-07-01,1,
000987,越秀资本,True,2026-07-01,1,
600728,佳都科技,True,2026-07-01,1,
603568,伟明环保,True,2026-07-01,1,
603679,华体科技,True,2026-07-01,1,
603171,税友股份,True,2026-07-01,1,
600389,江山股份,True,2026-07-01,1,
605099,共创草坪,True,2026-07-01,1,
000718,苏宁环球,True,2026-07-01,1,
605162,新中港,True,2026-07-01,1,
600579,中化装备,True,2026-07-01,1,
000596,古井贡酒,True,2026-07-01,1,
002658,雪迪龙,True,2026-07-01,1,
000750,国海证券,True,2026-07-01,1,
603803,瑞斯康达,True,2026-07-01,1,
605060,联德股份,True,2026-07-01,1,
600623,华谊集团,True,2026-07-01,1,
600582,天地科技,True,2026-07-01,1,
002683,广东宏大,True,2026-07-01,1,
603507,振江股份,True,2026-07-01,1,
600388,龙净环保,True,2026-07-01,1,
600982,宁波能源,True,2026-07-01,1,
002404,嘉欣丝绸,True,2026-07-01,1,
002223,鱼跃医疗,True,2026-07-01,1,
603085,天成自控,True,2026-07-01,1,
002653,海思科,True,2026-07-01,1,
601298,青岛港,True,2026-07-01,1,
603416,信捷电气,True,2026-07-01,1,
600583,海油工程,True,2026-07-01,1,
600803,新奥股份,True,2026-07-01,1,
603786,科博达,True,2026-07-01,1,
001208,华菱线缆,True,2026-07-01,1,
002673,西部证券,True,2026-07-01,1,
002298,中电鑫龙,True,2026-07-01,1,
603529,爱玛科技,True,2026-07-01,1,
601096,宏盛华源,True,2026-07-01,1,
603297,永新光学,True,2026-07-01,1,
002310,东方新能,True,2026-07-01,1,
002519,银河电子,True,2026-07-01,1,
002927,泰永长征,True,2026-07-01,1,
000007,全新好,True,2026-07-01,1,
600761,安徽合力,True,2026-07-01,1,
002170,芭田股份,True,2026-07-01,1,
603885,XD吉祥航,True,2026-07-01,1,
603007,顺景科技,True,2026-07-01,1,
600316,洪都航空,True,2026-07-01,1,
002638,勤上股份,True,2026-07-01,1,
600376,首开股份,True,2026-07-01,1,
002785,万里石,True,2026-07-01,1,
000551,创元科技,True,2026-07-01,1,
603065,XD宿迁联,True,2026-07-01,1,
603036,如通股份,True,2026-07-01,1,
603612,索通发展,True,2026-07-01,1,
600779,水井坊,True,2026-07-01,1,
603322,超讯通信,True,2026-07-01,1,
603020,爱普股份,True,2026-07-01,1,
002163,海南发展,True,2026-07-01,1,
601929,吉视传媒,True,2026-07-01,1,
001268,联合精密,True,2026-07-01,1,
600292,电投水电,True,2026-07-01,1,
603383,顶点软件,True,2026-07-01,1,
002461,珠江啤酒,True,2026-07-01,1,
600877,电科芯片,True,2026-07-01,1,
603060,国检集团,True,2026-07-01,1,
601880,辽港股份,True,2026-07-01,1,
002258,利尔化学,True,2026-07-01,1,
603286,日盈电子,True,2026-07-01,1,
000404,长虹华意,True,2026-07-01,1,
600222,太龙药业,True,2026-07-01,1,
600704,物产中大,True,2026-07-01,1,
002597,金禾实业,True,2026-07-01,1,
000937,冀中能源,True,2026-07-01,1,
002557,洽洽食品,True,2026-07-01,1,
600320,振华重工,True,2026-07-01,1,
002324,普利特,True,2026-07-01,1,
600635,大众公用,True,2026-07-01,1,
000301,东方盛虹,True,2026-07-01,1,
600382,广东明珠,True,2026-07-01,1,
000006,深振业Ａ,True,2026-07-01,1,
000993,闽东电力,True,2026-07-01,1,
603960,克来机电,True,2026-07-01,1,
000796,凯撒旅业,True,2026-07-01,1,
601106,中国一重,True,2026-07-01,1,
600409,三友化工,True,2026-07-01,1,
600721,百花医药,True,2026-07-01,1,
600810,神马股份,True,2026-07-01,1,
603175,超颖电子,True,2026-07-01,1,
000676,智度股份,True,2026-07-01,1,
002226,江南化工,True,2026-07-01,1,
600984,建设机械,True,2026-07-01,1,
002860,星帅尔,True,2026-07-01,1,
000709,河钢股份,True,2026-07-01,1,
000049,德赛电池,True,2026-07-01,1,
002212,天融信,True,2026-07-01,1,
601015,陕西黑猫,True,2026-07-01,1,
600395,盘江股份,True,2026-07-01,1,
002083,孚日股份,True,2026-07-01,1,
000598,兴蓉环境,True,2026-07-01,1,
000560,我爱我家,True,2026-07-01,1,
601588,北辰实业,True,2026-07-01,1,
000635,英 力 特,True,2026-07-01,1,
600295,鄂尔多斯,True,2026-07-01,1,
603030,全筑股份,True,2026-07-01,1,
603070,万控智造,True,2026-07-01,1,
002315,焦点科技,True,2026-07-01,1,
601789,宁波建工,True,2026-07-01,1,
603033,三维股份,True,2026-07-01,1,
603725,天安新材,True,2026-07-01,1,
002847,盐津铺子,True,2026-07-01,1,
002091,江苏国泰,True,2026-07-01,1,
000686,东北证券,True,2026-07-01,1,
603090,宏盛股份,True,2026-07-01,1,
000517,荣安地产,True,2026-07-01,1,
002112,三变科技,True,2026-07-01,1,
603713,密尔克卫,True,2026-07-01,1,
000959,首钢股份,True,2026-07-01,1,
002718,友邦吊顶,True,2026-07-01,1,
605218,伟时电子,True,2026-07-01,1,
600012,皖通高速,True,2026-07-01,1,
600916,中国黄金,True,2026-07-01,1,
000567,海德股份,True,2026-07-01,1,
605366,宏柏新材,True,2026-07-01,1,
000035,中国天楹,True,2026-07-01,1,
001283,豪鹏科技,True,2026-07-01,1,
002939,长城证券,True,2026-07-01,1,
600868,梅雁吉祥,True,2026-07-01,1,
002474,榕基软件,True,2026-07-01,1,
605288,凯迪股份,True,2026-07-01,1,
600018,上港集团,True,2026-07-01,1,
603915,国茂股份,True,2026-07-01,1,
600273,嘉化能源,True,2026-07-01,1,
002063,远光软件,True,2026-07-01,1,
000423,东阿阿胶,True,2026-07-01,1,
000521,长虹美菱,True,2026-07-01,1,
002096,易普力,True,2026-07-01,1,
002674,兴业科技,True,2026-07-01,1,
002042,华孚时尚,True,2026-07-01,1,
000863,三湘印象,True,2026-07-01,1,
600101,明星电力,True,2026-07-01,1,
600754,锦江酒店,True,2026-07-01,1,
600933,爱柯迪,True,2026-07-01,1,
000728,国元证券,True,2026-07-01,1,
601061,中信金属,True,2026-07-01,1,
002438,江苏神通,True,2026-07-01,1,
001298,好上好,True,2026-07-01,1,
600816,建元信托,True,2026-07-01,1,
603169,兰石重装,True,2026-07-01,1,
600644,乐山电力,True,2026-07-01,1,
601577,长沙银行,True,2026-07-01,1,
000923,河钢资源,True,2026-07-01,1,
600872,中炬高新,True,2026-07-01,1,
600236,桂冠电力,True,2026-07-01,1,
002012,凯恩股份,True,2026-07-01,1,
000889,中嘉博创,True,2026-07-01,1,
002695,煌上煌,True,2026-07-01,1,
002017,东信和平,True,2026-07-01,1,
000778,新兴铸管,True,2026-07-01,1,
603271,永杰新材,True,2026-07-01,1,
600399,抚顺特钢,True,2026-07-01,1,
600763,通策医疗,True,2026-07-01,1,
002958,青农商行,True,2026-07-01,1,
600959,江苏有线,True,2026-07-01,1,
000912,泸天化,True,2026-07-01,1,
600085,同仁堂,True,2026-07-01,1,
600808,马钢股份,True,2026-07-01,1,
603916,苏博特,True,2026-07-01,1,
603633,徕木股份,True,2026-07-01,1,
601369,陕鼓动力,True,2026-07-01,1,
603927,中科软,True,2026-07-01,1,
600350,山东高速,True,2026-07-01,1,
600120,浙江东方,True,2026-07-01,1,
600179,安通控股,True,2026-07-01,1,
000151,中成股份,True,2026-07-01,1,
600844,金煤科技,True,2026-07-01,1,
000902,新洋丰,True,2026-07-01,1,
600792,云煤能源,True,2026-07-01,1,
600665,天地源,True,2026-07-01,1,
603637,镇海股份,True,2026-07-01,1,
600113,浙江东日,True,2026-07-01,1,
603195,公牛集团,True,2026-07-01,1,
603112,华翔股份,True,2026-07-01,1,
002373,千方科技,True,2026-07-01,1,
002052,同洲电子,True,2026-07-01,1,
603658,安图生物,True,2026-07-01,1,
600740,山西焦化,True,2026-07-01,1,
601098,中南传媒,True,2026-07-01,1,
603697,有友食品,True,2026-07-01,1,
002734,利民股份,True,2026-07-01,1,
002189,中光学,True,2026-07-01,1,
002462,嘉事堂,True,2026-07-01,1,
002332,仙琚制药,True,2026-07-01,1,
600131,国网信通,True,2026-07-01,1,
600303,曙光股份,True,2026-07-01,1,
601858,中国科传,True,2026-07-01,1,
002033,丽江股份,True,2026-07-01,1,
601330,绿色动力,True,2026-07-01,1,
600606,绿地控股,True,2026-07-01,1,
002219,新里程,True,2026-07-01,1,
002177,御银股份,True,2026-07-01,1,
600686,金龙汽车,True,2026-07-01,1,
000068,华控赛格,True,2026-07-01,1,
002029,七 匹 狼,True,2026-07-01,1,
605319,无锡振华,True,2026-07-01,1,
000782,恒申新材,True,2026-07-01,1,
002807,江阴银行,True,2026-07-01,1,
002314,南山控股,True,2026-07-01,1,
600268,国电南自,True,2026-07-01,1,
000809,和展能源,True,2026-07-01,1,
603939,益丰药房,True,2026-07-01,1,
603125,常青科技,True,2026-07-01,1,
603919,金徽酒,True,2026-07-01,1,
000546,金圆股份,True,2026-07-01,1,
600282,南钢股份,True,2026-07-01,1,
600770,综艺股份,True,2026-07-01,1,
601619,嘉泽新能,True,2026-07-01,1,
600882,妙可蓝多,True,2026-07-01,1,
002507,涪陵榨菜,True,2026-07-01,1,
002892,科力尔,True,2026-07-01,1,
002011,盾安环境,True,2026-07-01,1,
603693,江苏新能,True,2026-07-01,1,
603610,麒盛科技,True,2026-07-01,1,
603701,德宏股份,True,2026-07-01,1,
000026,飞亚达,True,2026-07-01,1,
000554,泰山石油,True,2026-07-01,1,
603565,中谷物流,True,2026-07-01,1,
000623,吉林敖东,True,2026-07-01,1,
002291,遥望科技,True,2026-07-01,1,
603589,口子窖,True,2026-07-01,1,
603166,福达股份,True,2026-07-01,1,
603887,城地香江,True,2026-07-01,1,
603279,景津装备,True,2026-07-01,1,
000518,四环生物,True,2026-07-01,1,
603138,海量数据,True,2026-07-01,1,
603790,雅运股份,True,2026-07-01,1,
600539,狮头股份,True,2026-07-01,1,
002700,万憬能源,True,2026-07-01,1,
601018,宁波港,True,2026-07-01,1,
002810,山东赫达,True,2026-07-01,1,
605398,新炬网络,True,2026-07-01,1,
002983,芯瑞达,True,2026-07-01,1,
002891,中宠股份,True,2026-07-01,1,
603131,上海沪工,True,2026-07-01,1,
605303,园林股份,True,2026-07-01,1,
600433,冠豪高新,True,2026-07-01,1,
600645,中源协和,True,2026-07-01,1,
600216,浙江医药,True,2026-07-01,1,
600266,城建发展,True,2026-07-01,1,
603816,顾家家居,True,2026-07-01,1,
000429,粤高速Ａ,True,2026-07-01,1,
601866,中远海发,True,2026-07-01,1,
002603,以岭药业,True,2026-07-01,1,
600323,瀚蓝环境,True,2026-07-01,1,
600369,西南证券,True,2026-07-01,1,
002318,久立特材,True,2026-07-01,1,
600067,冠城新材,True,2026-07-01,1,
600390,五矿资本,True,2026-07-01,1,
002072,凯瑞德,True,2026-07-01,1,
603477,巨星农牧,True,2026-07-01,1,
603232,格尔软件,True,2026-07-01,1,
600054,黄山旅游,True,2026-07-01,1,
601000,唐山港,True,2026-07-01,1,
002301,齐心集团,True,2026-07-01,1,
603726,朗迪集团,True,2026-07-01,1,
600133,东湖高新,True,2026-07-01,1,
600507,方大特钢,True,2026-07-01,1,
603995,甬金股份,True,2026-07-01,1,
003010,若羽臣,True,2026-07-01,1,
603926,铁流股份,True,2026-07-01,1,
603317,天味食品,True,2026-07-01,1,
002605,姚记科技,True,2026-07-01,1,
002870,香山股份,True,2026-07-01,1,
001376,百通能源,True,2026-07-01,1,
603488,展鹏科技,True,2026-07-01,1,
002725,跃岭股份,True,2026-07-01,1,
002120,韵达股份,True,2026-07-01,1,
002513,蓝丰生化,True,2026-07-01,1,
603833,欧派家居,True,2026-07-01,1,
601333,广深铁路,True,2026-07-01,1,
600640,国脉文化,True,2026-07-01,1,
600586,金晶科技,True,2026-07-01,1,
603162,海通发展,True,2026-07-01,1,
600508,上海能源,True,2026-07-01,1,
603712,七一二,True,2026-07-01,1,
002976,瑞玛精密,True,2026-07-01,1,
603181,皇马科技,True,2026-07-01,1,
000090,天健集团,True,2026-07-01,1,
000572,海马汽车,True,2026-07-01,1,
002108,沧州明珠,True,2026-07-01,1,
603567,珍宝岛,True,2026-07-01,1,
600969,郴电国际,True,2026-07-01,1,
603686,福龙马,True,2026-07-01,1,
600177,雅戈尔,True,2026-07-01,1,
002395,双象股份,True,2026-07-01,1,
002006,精工科技,True,2026-07-01,1,
002989,中天精装,True,2026-07-01,1,
600572,康恩贝,True,2026-07-01,1,
600855,航天长峰,True,2026-07-01,1,
002448,中原内配,True,2026-07-01,1,
000839,国安股份,True,2026-07-01,1,
002590,万安科技,True,2026-07-01,1,
603200,上海洗霸,True,2026-07-01,1,
601607,上海医药,True,2026-07-01,1,
002786,银宝山新,True,2026-07-01,1,
002963,豪尔赛,True,2026-07-01,1,
002030,达安基因,True,2026-07-01,1,
600966,博汇纸业,True,2026-07-01,1,
600332,白云山,True,2026-07-01,1,
605088,冠盛股份,True,2026-07-01,1,
603395,红四方,True,2026-07-01,1,
002917,金奥博,True,2026-07-01,1,
001223,欧克科技,True,2026-07-01,1,
600230,沧州大化,True,2026-07-01,1,
605178,时空科技,True,2026-07-01,1,
600998,九州通,True,2026-07-01,1,
002918,蒙娜丽莎,True,2026-07-01,1,
600835,上海机电,True,2026-07-01,1,
600379,宝光股份,True,2026-07-01,1,
600299,安迪苏,True,2026-07-01,1,
000862,银星能源,True,2026-07-01,1,
002437,誉衡药业,True,2026-07-01,1,
002268,电科网安,True,2026-07-01,1,
601890,亚星锚链,True,2026-07-01,1,
601825,沪农商行,True,2026-07-01,1,
000531,穗恒运Ａ,True,2026-07-01,1,
002649,博彦科技,True,2026-07-01,1,
600215,派斯林,True,2026-07-01,1,
002866,传艺科技,True,2026-07-01,1,
000957,中通客车,True,2026-07-01,1,
600676,交运股份,True,2026-07-01,1,
000685,中山公用,True,2026-07-01,1,
600764,中国海防,True,2026-07-01,1,
600039,四川路桥,True,2026-07-01,1,
603082,北自科技,True,2026-07-01,1,
002099,海翔药业,True,2026-07-01,1,
603015,弘讯科技,True,2026-07-01,1,
603599,广信股份,True,2026-07-01,1,
002582,好想你,True,2026-07-01,1,
605128,上海沿浦,True,2026-07-01,1,
600095,湘财股份,True,2026-07-01,1,
002374,中锐股份,True,2026-07-01,1,
000009,中国宝安,True,2026-07-01,1,
603912,佳力图,True,2026-07-01,1,
000922,佳电股份,True,2026-07-01,1,
002772,众兴菌业,True,2026-07-01,1,
600130,波导股份,True,2026-07-01,1,
600785,新华百货,True,2026-07-01,1,
000586,汇源通信,True,2026-07-01,1,
002945,华林证券,True,2026-07-01,1,
001227,兰州银行,True,2026-07-01,1,
603583,捷昌驱动,True,2026-07-01,1,
600956,新天绿能,True,2026-07-01,1,
600775,南京熊猫,True,2026-07-01,1,
600864,哈投股份,True,2026-07-01,1,
002910,庄园牧场,True,2026-07-01,1,
002788,鹭燕医药,True,2026-07-01,1,
002627,三峡旅游,True,2026-07-01,1,
600503,华丽家族,True,2026-07-01,1,
002508,老板电器,True,2026-07-01,1,
002926,华西证券,True,2026-07-01,1,
002921,联诚精密,True,2026-07-01,1,
000978,桂林旅游,True,2026-07-01,1,
002721,金一文化,True,2026-07-01,1,
603703,盛洋科技,True,2026-07-01,1,
002097,山河智能,True,2026-07-01,1,
603213,镇洋发展,True,2026-07-01,1,
002967,广电计量,True,2026-07-01,1,
002392,北京利尔,True,2026-07-01,1,
002045,国光电器,True,2026-07-01,1,
601566,九牧王,True,2026-07-01,1,
600867,通化东宝,True,2026-07-01,1,
601155,新城控股,True,2026-07-01,1,
600478,科力远,True,2026-07-01,1,
002899,英派斯,True,2026-07-01,1,
600155,华创云信,True,2026-07-01,1,
603871,嘉友国际,True,2026-07-01,1,
002277,友阿股份,True,2026-07-01,1,
002123,梦网科技,True,2026-07-01,1,
600468,百利电气,True,2026-07-01,1,
000719,中原传媒,True,2026-07-01,1,
002329,皇氏集团,True,2026-07-01,1,
002773,康弘药业,True,2026-07-01,1,
600057,厦门象屿,True,2026-07-01,1,
002985,北摩高科,True,2026-07-01,1,
002423,中粮资本,True,2026-07-01,1,
603866,桃李面包,True,2026-07-01,1,
600258,首旅酒店,True,2026-07-01,1,
603323,苏农银行,True,2026-07-01,1,
600056,中国医药,True,2026-07-01,1,
002877,智能自控,True,2026-07-01,1,
002255,海陆重工,True,2026-07-01,1,
000892,欢瑞世纪,True,2026-07-01,1,
603520,司太立,True,2026-07-01,1,
001289,龙源电力,True,2026-07-01,1,
605598,上海港湾,True,2026-07-01,1,
000995,皇台酒业,True,2026-07-01,1,
000430,张家界,True,2026-07-01,1,
002135,东南网架,True,2026-07-01,1,
603456,XD九洲药,True,2026-07-01,1,
000402,金 融 街,True,2026-07-01,1,
002184,海得控制,True,2026-07-01,1,
600540,新赛股份,True,2026-07-01,1,
002997,瑞鹄模具,True,2026-07-01,1,
605118,力鼎光电,True,2026-07-01,1,
601908,京运通,True,2026-07-01,1,
002500,山西证券,True,2026-07-01,1,
600475,华光环能,True,2026-07-01,1,
002642,荣联科技,True,2026-07-01,1,
600815,厦工股份,True,2026-07-01,1,
600501,航天晨光,True,2026-07-01,1,
002961,瑞达期货,True,2026-07-01,1,
000030,富奥股份,True,2026-07-01,1,
600605,汇通能源,True,2026-07-01,1,
600326,西藏天路,True,2026-07-01,1,
601177,杭齿前进,True,2026-07-01,1,
002678,珠江钢琴,True,2026-07-01,1,
600517,国网英大,True,2026-07-01,1,
600621,华鑫股份,True,2026-07-01,1,
002386,天原股份,True,2026-07-01,1,
002300,太阳电缆,True,2026-07-01,1,
002707,众信旅游,True,2026-07-01,1,
000800,一汽解放,True,2026-07-01,1,
002239,奥特佳,True,2026-07-01,1,
002848,高斯贝尔,True,2026-07-01,1,
601238,广汽集团,True,2026-07-01,1,
002458,益生股份,True,2026-07-01,1,
002020,京新药业,True,2026-07-01,1,
600859,王府井,True,2026-07-01,1,
002984,森麒麟,True,2026-07-01,1,
002299,圣农发展,True,2026-07-01,1,
002285,世联行,True,2026-07-01,1,
600971,恒源煤电,True,2026-07-01,1,
002563,森马服饰,True,2026-07-01,1,
002062,宏润建设,True,2026-07-01,1,
603777,来伊份,True,2026-07-01,1,
600313,农发种业,True,2026-07-01,1,
600756,浪潮软件,True,2026-07-01,1,
600617,国新能源,True,2026-07-01,1,
605228,神通科技,True,2026-07-01,1,
000668,荣丰控股,True,2026-07-01,1,
000410,沈阳机床,True,2026-07-01,1,
601801,皖新传媒,True,2026-07-01,1,
603257,中国瑞林,True,2026-07-01,1,
002571,德力股份,True,2026-07-01,1,
000403,派林生物,True,2026-07-01,1,
603344,星德胜,True,2026-07-01,1,
601882,海天精工,True,2026-07-01,1,
002356,赫美集团,True,2026-07-01,1,
603248,锡华科技,True,2026-07-01,1,
600461,洪城环境,True,2026-07-01,1,
603050,科林电气,True,2026-07-01,1,
600156,华升股份,True,2026-07-01,1,
600325,华发股份,True,2026-07-01,1,
600211,西藏药业,True,2026-07-01,1,
600968,海油发展,True,2026-07-01,1,
002828,贝肯能源,True,2026-07-01,1,
002769,普路通,True,2026-07-01,1,
002190,成飞集成,True,2026-07-01,1,
000739,普洛药业,True,2026-07-01,1,
600750,华润江中,True,2026-07-01,1,
002632,道明光学,True,2026-07-01,1,
603798,康普顿,True,2026-07-01,1,
002233,塔牌集团,True,2026-07-01,1,
601112,振石股份,True,2026-07-01,1,
002578,闽发铝业,True,2026-07-01,1,
603666,亿嘉和,True,2026-07-01,1,
605167,利柏特,True,2026-07-01,1,
000571,新大洲A,True,2026-07-01,1,
001266,宏英智能,True,2026-07-01,1,
002284,亚太股份,True,2026-07-01,1,
000503,国新健康,True,2026-07-01,1,
603122,合富中国,True,2026-07-01,1,
605069,正和生态,True,2026-07-01,1,
002320,海峡股份,True,2026-07-01,1,
002746,仙坛股份,True,2026-07-01,1,
600682,南京新百,True,2026-07-01,1,
003033,征和工业,True,2026-07-01,1,
600037,歌华有线,True,2026-07-01,1,
600380,健康元,True,2026-07-01,1,
002408,齐翔腾达,True,2026-07-01,1,
603617,君禾股份,True,2026-07-01,1,
601388,怡球资源,True,2026-07-01,1,
600398,海澜之家,True,2026-07-01,1,
600527,江南高纤,True,2026-07-01,1,
002664,信质集团,True,2026-07-01,1,
002972,科安达,True,2026-07-01,1,
002857,三晖电气,True,2026-07-01,1,
002588,史丹利,True,2026-07-01,1,
605116,奥锐特,True,2026-07-01,1,
605389,长龄液压,True,2026-07-01,1,
603123,翠微股份,True,2026-07-01,1,
002197,证通电子,True,2026-07-01,1,
603355,莱克电气,True,2026-07-01,1,
600271,航天信息,True,2026-07-01,1,
002869,金溢科技,True,2026-07-01,1,
002841,视源股份,True,2026-07-01,1,
002319,乐通股份,True,2026-07-01,1,
002262,恩华药业,True,2026-07-01,1,
600007,中国国贸,True,2026-07-01,1,
600439,瑞贝卡,True,2026-07-01,1,
600880,博瑞传播,True,2026-07-01,1,
603072,天和磁材,True,2026-07-01,1,
603051,鹿山新材,True,2026-07-01,1,
603988,中电电机,True,2026-07-01,1,
002537,海联金汇,True,2026-07-01,1,
600743,华远控股,True,2026-07-01,1,
600075,新疆天业,True,2026-07-01,1,
601139,深圳燃气,True,2026-07-01,1,
002701,奥瑞金,True,2026-07-01,1,
000926,福星股份,True,2026-07-01,1,
002988,豪美新材,True,2026-07-01,1,
000881,中广核技,True,2026-07-01,1,
002059,云南旅游,True,2026-07-01,1,
600373,中文传媒,True,2026-07-01,1,
600729,重百集团,True,2026-07-01,1,
603027,千禾味业,True,2026-07-01,1,
600076,康欣新材,True,2026-07-01,1,
002641,公元股份,True,2026-07-01,1,
002941,新疆交建,True,2026-07-01,1,
600513,联环药业,True,2026-07-01,1,
603191,XD望变电,True,2026-07-01,1,
600496,精工钢构,True,2026-07-01,1,
603380,易德龙,True,2026-07-01,1,
601990,南京证券,True,2026-07-01,1,
603669,灵康药业,True,2026-07-01,1,
603202,天有为,True,2026-07-01,1,
000159,国际实业,True,2026-07-01,1,
600328,中盐化工,True,2026-07-01,1,
000950,重药控股,True,2026-07-01,1,
600825,新华传媒,True,2026-07-01,1,
601579,会稽山,True,2026-07-01,1,
603178,圣龙股份,True,2026-07-01,1,
002629,仁智股份,True,2026-07-01,1,
600153,建发股份,True,2026-07-01,1,
603025,大豪科技,True,2026-07-01,1,
603602,纵横通信,True,2026-07-01,1,
002628,成都路桥,True,2026-07-01,1,
603767,中马传动,True,2026-07-01,1,
002893,京能热力,True,2026-07-01,1,
002861,瀛通通讯,True,2026-07-01,1,
603901,永创智能,True,2026-07-01,1,
601116,三江购物,True,2026-07-01,1,
001226,拓山重工,True,2026-07-01,1,
603668,天马科技,True,2026-07-01,1,
600746,江苏索普,True,2026-07-01,1,
002952,亚世光电,True,2026-07-01,1,
600739,辽宁成大,True,2026-07-01,1,
002293,罗莱生活,True,2026-07-01,1,
000019,深粮控股,True,2026-07-01,1,
001322,箭牌家居,True,2026-07-01,1,
600234,科新发展,True,2026-07-01,1,
600780,通宝能源,True,2026-07-01,1,
603918,金桥信息,True,2026-07-01,1,
603337,XD杰克科,True,2026-07-01,1,
002533,金杯电工,True,2026-07-01,1,
000525,红太阳,True,2026-07-01,1,
603222,济民健康,True,2026-07-01,1,
601311,骆驼股份,True,2026-07-01,1,
600535,天士力,True,2026-07-01,1,
600267,海正药业,True,2026-07-01,1,
002919,名臣健康,True,2026-07-01,1,
000532,华金资本,True,2026-07-01,1,
002541,鸿路钢构,True,2026-07-01,1,
603956,威派格,True,2026-07-01,1,
002376,新北洋,True,2026-07-01,1,
603882,金域医学,True,2026-07-01,1,
001207,联科科技,True,2026-07-01,1,
605255,天普股份,True,2026-07-01,1,
600651,飞乐音响,True,2026-07-01,1,
605305,中际联合,True,2026-07-01,1,
000563,陕国投Ａ,True,2026-07-01,1,
002248,华东数控,True,2026-07-01,1,
600470,六国化工,True,2026-07-01,1,
601339,百隆东方,True,2026-07-01,1,
603409,汇通控股,True,2026-07-01,1,
600962,国投中鲁,True,2026-07-01,1,
601860,紫金银行,True,2026-07-01,1,
002357,富临运业,True,2026-07-01,1,
605011,杭州热电,True,2026-07-01,1,
002066,瑞泰科技,True,2026-07-01,1,
002278,神开股份,True,2026-07-01,1,
000589,贵州轮胎,True,2026-07-01,1,
002676,顺威股份,True,2026-07-01,1,
002221,东华能源,True,2026-07-01,1,
600329,达仁堂,True,2026-07-01,1,
001965,招商公路,True,2026-07-01,1,
603281,江瀚新材,True,2026-07-01,1,
000036,华联控股,True,2026-07-01,1,
001308,康冠科技,True,2026-07-01,1,
600664,哈药股份,True,2026-07-01,1,
002146,荣盛发展,True,2026-07-01,1,
603159,上海亚虹,True,2026-07-01,1,
600510,黑牡丹,True,2026-07-01,1,
600129,太极集团,True,2026-07-01,1,
001313,粤海饲料,True,2026-07-01,1,
603933,睿能科技,True,2026-07-01,1,
600657,信达地产,True,2026-07-01,1,
000031,大悦城,True,2026-07-01,1,
600288,大恒科技,True,2026-07-01,1,
001216,华瓷股份,True,2026-07-01,1,
601326,秦港股份,True,2026-07-01,1,
002798,帝欧水华,True,2026-07-01,1,
002652,扬子新材,True,2026-07-01,1,
603014,威高血净,True,2026-07-01,1,
603336,宏辉果蔬,True,2026-07-01,1,
000927,中国铁物,True,2026-07-01,1,
002032,苏 泊 尔,True,2026-07-01,1,
600928,西安银行,True,2026-07-01,1,
003015,日久光电,True,2026-07-01,1,
605177,东亚药业,True,2026-07-01,1,
603217,元利科技,True,2026-07-01,1,
002358,森源电气,True,2026-07-01,1,
002038,双鹭药业,True,2026-07-01,1,
002705,新宝股份,True,2026-07-01,1,
002007,华兰生物,True,2026-07-01,1,
603556,海兴电力,True,2026-07-01,1,
605599,XD菜百股,True,2026-07-01,1,
600841,动力新科,True,2026-07-01,1,
603721,中广天择,True,2026-07-01,1,
002577,雷柏科技,True,2026-07-01,1,
603076,乐惠国际,True,2026-07-01,1,
002010,传化智联,True,2026-07-01,1,
600865,百大集团,True,2026-07-01,1,
600307,酒钢宏兴,True,2026-07-01,1,
605258,协和电子,True,2026-07-01,1,
600848,上海临港,True,2026-07-01,1,
002978,安宁股份,True,2026-07-01,1,
600449,宁夏建材,True,2026-07-01,1,
605286,同力天启,True,2026-07-01,1,
002047,宝鹰股份,True,2026-07-01,1,
600983,惠而浦,True,2026-07-01,1,
000825,太钢不锈,True,2026-07-01,1,
003041,真爱美家,True,2026-07-01,1,
002004,华邦健康,True,2026-07-01,1,
002576,通达动力,True,2026-07-01,1,
600062,华润双鹤,True,2026-07-01,1,
600284,浦东建设,True,2026-07-01,1,
600710,苏美达,True,2026-07-01,1,
603233,大参林,True,2026-07-01,1,
603898,好莱客,True,2026-07-01,1,
000695,滨海能源,True,2026-07-01,1,
000055,方大集团,True,2026-07-01,1,
002075,沙钢股份,True,2026-07-01,1,
000716,黑芝麻,True,2026-07-01,1,
000665,湖北广电,True,2026-07-01,1,
000936,华西股份,True,2026-07-01,1,
600400,红豆股份,True,2026-07-01,1,
002755,奥赛康,True,2026-07-01,1,
002811,郑中设计,True,2026-07-01,1,
601900,南方传媒,True,2026-07-01,1,
603068,博通集成,True,2026-07-01,1,
605077,华康股份,True,2026-07-01,1,
000928,中钢国际,True,2026-07-01,1,
600511,国药股份,True,2026-07-01,1,
600857,宁波中百,True,2026-07-01,1,
600718,东软集团,True,2026-07-01,1,
001338,永顺泰,True,2026-07-01,1,
600251,冠农股份,True,2026-07-01,1,
603716,塞力医疗,True,2026-07-01,1,
001391,国货航,True,2026-07-01,1,
600199,金种子酒,True,2026-07-01,1,
002930,宏川智慧,True,2026-07-01,1,
002867,周大生,True,2026-07-01,1,
000008,神州高铁,True,2026-07-01,1,
600925,苏能股份,True,2026-07-01,1,
603363,傲农生物,True,2026-07-01,1,
002766,索菱股份,True,2026-07-01,1,
002073,软控股份,True,2026-07-01,1,
002482,广田集团,True,2026-07-01,1,
603197,保隆科技,True,2026-07-01,1,
002232,启明信息,True,2026-07-01,1,
002839,张家港行,True,2026-07-01,1,
601966,玲珑轮胎,True,2026-07-01,1,
002136,安 纳 达,True,2026-07-01,1,
601928,凤凰传媒,True,2026-07-01,1,
600064,南京高科,True,2026-07-01,1,
603685,晨丰科技,True,2026-07-01,1,
601218,吉鑫科技,True,2026-07-01,1,
603928,兴业股份,True,2026-07-01,1,
600383,金地集团,True,2026-07-01,1,
603878,XD武进不,True,2026-07-01,1,
002161,远 望 谷,True,2026-07-01,1,
600571,信雅达,True,2026-07-01,1,
601595,上海电影,True,2026-07-01,1,
601236,红塔证券,True,2026-07-01,1,
002858,力盛体育,True,2026-07-01,1,
002117,东港股份,True,2026-07-01,1,
002296,辉煌科技,True,2026-07-01,1,
002556,辉隆股份,True,2026-07-01,1,
002936,郑州银行,True,2026-07-01,1,
603004,鼎龙科技,True,2026-07-01,1,
605555,德昌股份,True,2026-07-01,1,
002973,侨银股份,True,2026-07-01,1,
603229,奥翔药业,True,2026-07-01,1,
603402,陕西旅游,True,2026-07-01,1,
600210,紫江企业,True,2026-07-01,1,
603006,联明股份,True,2026-07-01,1,
600004,白云机场,True,2026-07-01,1,
600800,渤海化学,True,2026-07-01,1,
603590,康辰药业,True,2026-07-01,1,
600751,海航科技,True,2026-07-01,1,
002693,双成药业,True,2026-07-01,1,
000411,英特集团,True,2026-07-01,1,
002191,劲嘉股份,True,2026-07-01,1,
002339,积成电子,True,2026-07-01,1,
603058,永吉股份,True,2026-07-01,1,
002370,亚太药业,True,2026-07-01,1,
003040,楚天龙,True,2026-07-01,1,
000777,中核科技,True,2026-07-01,1,
002204,大连重工,True,2026-07-01,1,
002346,柘中股份,True,2026-07-01,1,
002369,卓翼科技,True,2026-07-01,1,
600252,中恒集团,True,2026-07-01,1,
002442,龙星科技,True,2026-07-01,1,
002347,泰尔股份,True,2026-07-01,1,
002351,漫步者,True,2026-07-01,1,
002623,亚玛顿,True,2026-07-01,1,
002061,浙江交科,True,2026-07-01,1,
603219,富佳股份,True,2026-07-01,1,
601003,柳钢股份,True,2026-07-01,1,
002723,小崧股份,True,2026-07-01,1,
600963,岳阳林纸,True,2026-07-01,1,
001239,永达股份,True,2026-07-01,1,
600663,陆家嘴,True,2026-07-01,1,
002372,伟星新材,True,2026-07-01,1,
600106,重庆路桥,True,2026-07-01,1,
002274,华昌化工,True,2026-07-01,1,
002986,宇新股份,True,2026-07-01,1,
002264,新 华 都,True,2026-07-01,1,
002100,天康生物,True,2026-07-01,1,
600506,统一股份,True,2026-07-01,1,
603223,恒通股份,True,2026-07-01,1,
600354,敦煌种业,True,2026-07-01,1,
002901,大博医疗,True,2026-07-01,1,
000882,华联股份,True,2026-07-01,1,
600874,创业环保,True,2026-07-01,1,
600538,国发股份,True,2026-07-01,1,
603895,天永智能,True,2026-07-01,1,
002729,好利科技,True,2026-07-01,1,
003007,直真科技,True,2026-07-01,1,
603863,松炀资源,True,2026-07-01,1,
600052,东望时代,True,2026-07-01,1,
600336,澳柯玛,True,2026-07-01,1,
002053,云南能投,True,2026-07-01,1,
002596,海南瑞泽,True,2026-07-01,1,
600846,同济科技,True,2026-07-01,1,
603239,浙江仙通,True,2026-07-01,1,
603889,新澳股份,True,2026-07-01,1,
600866,星湖科技,True,2026-07-01,1,
001230,劲旅环境,True,2026-07-01,1,
000626,远大控股,True,2026-07-01,1,
002093,国脉科技,True,2026-07-01,1,
600138,中青旅,True,2026-07-01,1,
600006,东风股份,True,2026-07-01,1,
001299,美能能源,True,2026-07-01,1,
600022,山东钢铁,True,2026-07-01,1,
600787,中储股份,True,2026-07-01,1,
603569,长久物流,True,2026-07-01,1,
002377,国创高新,True,2026-07-01,1,
001205,盛航股份,True,2026-07-01,1,
002548,金新农,True,2026-07-01,1,
000524,岭南控股,True,2026-07-01,1,
600708,光明地产,True,2026-07-01,1,
603216,梦天家居,True,2026-07-01,1,
600908,无锡银行,True,2026-07-01,1,
000735,罗 牛 山,True,2026-07-01,1,
002234,民和股份,True,2026-07-01,1,
000516,国际医学,True,2026-07-01,1,
601086,国芳集团,True,2026-07-01,1,
002021,中捷资源,True,2026-07-01,1,
600993,马应龙,True,2026-07-01,1,
000659,珠海中富,True,2026-07-01,1,
000692,惠天热电,True,2026-07-01,1,
605028,世茂能源,True,2026-07-01,1,
600827,百联股份,True,2026-07-01,1,
002331,皖通科技,True,2026-07-01,1,
600173,卧龙新能,True,2026-07-01,1,
002554,惠博普,True,2026-07-01,1,
002609,捷顺科技,True,2026-07-01,1,
002875,安奈儿,True,2026-07-01,1,
000561,烽火电子,True,2026-07-01,1,
603293,埃泰克,True,2026-07-01,1,
603088,宁波精达,True,2026-07-01,1,
000156,华数传媒,True,2026-07-01,1,
002355,兴民智通,True,2026-07-01,1,
601949,中国出版,True,2026-07-01,1,
603656,泰禾智能,True,2026-07-01,1,
603899,晨光股份,True,2026-07-01,1,
600820,隧道股份,True,2026-07-01,1,
002546,新联电子,True,2026-07-01,1,
001288,运机集团,True,2026-07-01,1,
603578,三星新材,True,2026-07-01,1,
603097,江苏华辰,True,2026-07-01,1,
002827,高争民爆,True,2026-07-01,1,
000779,甘咨询,True,2026-07-01,1,
603418,友升股份,True,2026-07-01,1,
002833,弘亚数控,True,2026-07-01,1,
600992,贵绳股份,True,2026-07-01,1,
000042,中洲控股,True,2026-07-01,1,
600782,新钢股份,True,2026-07-01,1,
000998,隆平高科,True,2026-07-01,1,
605008,长鸿高科,True,2026-07-01,1,
605166,聚合顺,True,2026-07-01,1,
000819,岳阳兴长,True,2026-07-01,1,
000888,峨眉山Ａ,True,2026-07-01,1,
605365,立达信,True,2026-07-01,1,
002562,兄弟科技,True,2026-07-01,1,
000059,华锦股份,True,2026-07-01,1,
600755,厦门国贸,True,2026-07-01,1,
603092,德力佳,True,2026-07-01,1,
603657,春光科技,True,2026-07-01,1,
000813,德展健康,True,2026-07-01,1,
600528,中铁工业,True,2026-07-01,1,
002758,浙农股份,True,2026-07-01,1,
000736,中交地产,True,2026-07-01,1,
603665,康隆达,True,2026-07-01,1,
603165,荣晟环保,True,2026-07-01,1,
600250,南京商旅,True,2026-07-01,1,
000822,山东海化,True,2026-07-01,1,
002084,海鸥住工,True,2026-07-01,1,
603038,华立股份,True,2026-07-01,1,
002154,报 喜 鸟,True,2026-07-01,1,
002209,达 意 隆,True,2026-07-01,1,
601226,华电科工,True,2026-07-01,1,
605056,咸亨国际,True,2026-07-01,1,
603586,金麒麟,True,2026-07-01,1,
000753,漳州发展,True,2026-07-01,1,
002765,蓝黛科技,True,2026-07-01,1,
600375,汉马科技,True,2026-07-01,1,
002003,伟星股份,True,2026-07-01,1,
603508,思维列控,True,2026-07-01,1,
601798,蓝科高新,True,2026-07-01,1,
002849,威星智能,True,2026-07-01,1,
600197,伊力特,True,2026-07-01,1,
600333,长春燃气,True,2026-07-01,1,
603883,老百姓,True,2026-07-01,1,
603607,京华激光,True,2026-07-01,1,
600929,XD雪天盐,True,2026-07-01,1,
605298,必得科技,True,2026-07-01,1,
002216,三全食品,True,2026-07-01,1,
600691,潞化科技,True,2026-07-01,1,
002215,诺 普 信,True,2026-07-01,1,
002286,保龄宝,True,2026-07-01,1,
603367,辰欣药业,True,2026-07-01,1,
605080,浙江自然,True,2026-07-01,1,
603707,健友股份,True,2026-07-01,1,
600830,香溢融通,True,2026-07-01,1,
603969,银龙股份,True,2026-07-01,1,
601952,苏垦农发,True,2026-07-01,1,
603373,安邦护卫,True,2026-07-01,1,
000885,城发环境,True,2026-07-01,1,
000886,海南高速,True,2026-07-01,1,
002375,亚厦股份,True,2026-07-01,1,
002094,青岛金王,True,2026-07-01,1,
002523,天桥起重,True,2026-07-01,1,
603275,众辰科技,True,2026-07-01,1,
002777,久远银海,True,2026-07-01,1,
603528,多伦科技,True,2026-07-01,1,
601700,风范股份,True,2026-07-01,1,
600997,开滦股份,True,2026-07-01,1,
002090,金智科技,True,2026-07-01,1,
603682,锦和商管,True,2026-07-01,1,
002712,思美传媒,True,2026-07-01,1,
001236,弘业期货,True,2026-07-01,1,
000905,厦门港务,True,2026-07-01,1,
603100,川仪股份,True,2026-07-01,1,
002206,海 利 得,True,2026-07-01,1,
603210,泰鸿万立,True,2026-07-01,1,
002148,北纬科技,True,2026-07-01,1,
600955,维远股份,True,2026-07-01,1,
605377,华旺科技,True,2026-07-01,1,
601996,丰林集团,True,2026-07-01,1,
600185,珠免集团,True,2026-07-01,1,
002343,慈文传媒,True,2026-07-01,1,
000848,承德露露,True,2026-07-01,1,
600189,泉阳泉,True,2026-07-01,1,
000860,顺鑫农业,True,2026-07-01,1,
600724,宁波富达,True,2026-07-01,1,
001872,招商港口,True,2026-07-01,1,
002775,文科股份,True,2026-07-01,1,
000573,粤宏远Ａ,True,2026-07-01,1,
600771,广誉远,True,2026-07-01,1,
600059,古越龙山,True,2026-07-01,1,
603368,柳药集团,True,2026-07-01,1,
000565,渝三峡Ａ,True,2026-07-01,1,
600980,北矿科技,True,2026-07-01,1,
000803,山高环能,True,2026-07-01,1,
603917,合力科技,True,2026-07-01,1,
002383,合众思壮,True,2026-07-01,1,
603489,八方股份,True,2026-07-01,1,
600033,福建高速,True,2026-07-01,1,
000545,金浦钛业,True,2026-07-01,1,
000061,农 产 品,True,2026-07-01,1,
002041,登海种业,True,2026-07-01,1,
002682,龙洲股份,True,2026-07-01,1,
600826,兰生股份,True,2026-07-01,1,
000930,中粮科技,True,2026-07-01,1,
603396,金辰股份,True,2026-07-01,1,
001233,海安集团,True,2026-07-01,1,
600281,华阳新材,True,2026-07-01,1,
603121,华培动力,True,2026-07-01,1,
002887,绿茵生态,True,2026-07-01,1,
002888,惠威科技,True,2026-07-01,1,
603116,XD红蜻蜓,True,2026-07-01,1,
002748,世龙实业,True,2026-07-01,1,
600560,金自天正,True,2026-07-01,1,
600716,凤凰股份,True,2026-07-01,1,
002752,昇兴股份,True,2026-07-01,1,
002026,山东威达,True,2026-07-01,1,
603049,中策橡胶,True,2026-07-01,1,
000409,云鼎科技,True,2026-07-01,1,
002114,罗平锌电,True,2026-07-01,1,
600798,宁波海运,True,2026-07-01,1,
600477,杭萧钢构,True,2026-07-01,1,
600689,上海三毛,True,2026-07-01,1,
600071,凤凰光学,True,2026-07-01,1,
603877,太平鸟,True,2026-07-01,1,
001378,德冠新材,True,2026-07-01,1,
603201,常润股份,True,2026-07-01,1,
002801,微光股份,True,2026-07-01,1,
603611,诺力股份,True,2026-07-01,1,
603868,飞科电器,True,2026-07-01,1,
002761,浙江建投,True,2026-07-01,1,
002111,威海广泰,True,2026-07-01,1,
002086,东方海洋,True,2026-07-01,1,
600897,厦门空港,True,2026-07-01,1,
002127,南极电商,True,2026-07-01,1,
600017,日照港,True,2026-07-01,1,
002589,瑞康医药,True,2026-07-01,1,
603075,热威股份,True,2026-07-01,1,
600318,新力金融,True,2026-07-01,1,
600300,维维股份,True,2026-07-01,1,
002791,坚朗五金,True,2026-07-01,1,
603829,洛凯股份,True,2026-07-01,1,
605507,国邦医药,True,2026-07-01,1,
600269,赣粤高速,True,2026-07-01,1,
002663,普邦股份,True,2026-07-01,1,
605399,晨光新材,True,2026-07-01,1,
000069,华侨城Ａ,True,2026-07-01,1,
603173,福斯达,True,2026-07-01,1,
002365,永安药业,True,2026-07-01,1,
601200,上海环境,True,2026-07-01,1,
001326,联域股份,True,2026-07-01,1,
002479,富春环保,True,2026-07-01,1,
000989,九芝堂,True,2026-07-01,1,
002019,亿帆医药,True,2026-07-01,1,
002675,东诚药业,True,2026-07-01,1,
601228,广州港,True,2026-07-01,1,
002313,日海智能,True,2026-07-01,1,
002382,蓝帆医疗,True,2026-07-01,1,
600127,金健米业,True,2026-07-01,1,
002453,华软科技,True,2026-07-01,1,
002819,东方中科,True,2026-07-01,1,
605098,行动教育,True,2026-07-01,1,
000701,厦门信达,True,2026-07-01,1,
002316,亚联发展,True,2026-07-01,1,
002242,九阳股份,True,2026-07-01,1,
600847,万里股份,True,2026-07-01,1,
000948,南天信息,True,2026-07-01,1,
002511,中顺洁柔,True,2026-07-01,1,
003001,中岩大地,True,2026-07-01,1,
002187,广百股份,True,2026-07-01,1,
002882,金龙羽,True,2026-07-01,1,
601568,北元化工,True,2026-07-01,1,
600784,鲁银投资,True,2026-07-01,1,
002269,美邦服饰,True,2026-07-01,1,
002616,长青集团,True,2026-07-01,1,
000631,顺发恒能,True,2026-07-01,1,
002783,凯龙股份,True,2026-07-01,1,
603958,哈森股份,True,2026-07-01,1,
603390,通达电气,True,2026-07-01,1,
603717,天域生物,True,2026-07-01,1,
600675,中华企业,True,2026-07-01,1,
601598,中国外运,True,2026-07-01,1,
603331,百达精工,True,2026-07-01,1,
600725,云维股份,True,2026-07-01,1,
002425,凯撒文化,True,2026-07-01,1,
002760,凤形股份,True,2026-07-01,1,
600679,上海凤凰,True,2026-07-01,1,
601083,锦江航运,True,2026-07-01,1,
001256,炜冈科技,True,2026-07-01,1,
000088,盐 田 港,True,2026-07-01,1,
000089,深圳机场,True,2026-07-01,1,
003002,壶化股份,True,2026-07-01,1,
601121,宝地矿业,True,2026-07-01,1,
601828,美凯龙,True,2026-07-01,1,
603105,芯能科技,True,2026-07-01,1,
605188,国光连锁,True,2026-07-01,1,
605016,百龙创园,True,2026-07-01,1,
603356,华菱精工,True,2026-07-01,1,
605136,丽人丽妆,True,2026-07-01,1,
002572,索菲亚,True,2026-07-01,1,
603132,金徽股份,True,2026-07-01,1,
600757,长江传媒,True,2026-07-01,1,
000650,仁和药业,True,2026-07-01,1,
603381,永臻股份,True,2026-07-01,1,
001324,长青科技,True,2026-07-01,1,
600789,鲁抗医药,True,2026-07-01,1,
002728,特一药业,True,2026-07-01,1,
001373,翔腾新材,True,2026-07-01,1,
603013,亚普股份,True,2026-07-01,1,
603980,XD吉华集,True,2026-07-01,1,
000566,海南海药,True,2026-07-01,1,
603400,华之杰,True,2026-07-01,1,
600662,外服控股,True,2026-07-01,1,
600819,耀皮玻璃,True,2026-07-01,1,
000757,浩物股份,True,2026-07-01,1,
603948,建业股份,True,2026-07-01,1,
002690,美亚光电,True,2026-07-01,1,
601500,通用股份,True,2026-07-01,1,
003038,鑫铂股份,True,2026-07-01,1,
605189,富春染织,True,2026-07-01,1,
601616,广电电气,True,2026-07-01,1,
000898,鞍钢股份,True,2026-07-01,1,
000852,石化机械,True,2026-07-01,1,
002615,哈尔斯,True,2026-07-01,1,
603126,中材节能,True,2026-07-01,1,
603289,泰瑞机器,True,2026-07-01,1,
603227,雪峰科技,True,2026-07-01,1,
603057,紫燕食品,True,2026-07-01,1,
002996,顺博合金,True,2026-07-01,1,
600927,永安期货,True,2026-07-01,1,
002307,北新路桥,True,2026-07-01,1,
002593,日上集团,True,2026-07-01,1,
603218,日月股份,True,2026-07-01,1,
003027,同兴科技,True,2026-07-01,1,
603903,中持股份,True,2026-07-01,1,
000597,东北制药,True,2026-07-01,1,
605055,迎丰股份,True,2026-07-01,1,
000721,西安饮食,True,2026-07-01,1,
002702,海欣食品,True,2026-07-01,1,
600055,万东医疗,True,2026-07-01,1,
600530,交大昂立,True,2026-07-01,1,
001386,马可波罗,True,2026-07-01,1,
603196,璞源材料,True,2026-07-01,1,
603048,浙江黎明,True,2026-07-01,1,
600576,祥源文旅,True,2026-07-01,1,
002956,西麦食品,True,2026-07-01,1,
603937,丽岛新材,True,2026-07-01,1,
600558,大西洋,True,2026-07-01,1,
600094,大名城,True,2026-07-01,1,
001311,多利科技,True,2026-07-01,1,
601026,道生天合,True,2026-07-01,1,
600812,XD华北制,True,2026-07-01,1,
000407,胜利股份,True,2026-07-01,1,
603334,丰倍生物,True,2026-07-01,1,
601038,一拖股份,True,2026-07-01,1,
600125,铁龙物流,True,2026-07-01,1,
000868,安凯客车,True,2026-07-01,1,
600422,昆药集团,True,2026-07-01,1,
000526,学大教育,True,2026-07-01,1,
002403,爱仕达,True,2026-07-01,1,
000599,青岛双星,True,2026-07-01,1,
605296,神农集团,True,2026-07-01,1,
000570,苏常柴Ａ,True,2026-07-01,1,
601515,衢州东峰,True,2026-07-01,1,
001914,招商积余,True,2026-07-01,1,
601886,江河集团,True,2026-07-01,1,
002420,毅昌科技,True,2026-07-01,1,
600159,大龙地产,True,2026-07-01,1,
601068,中铝国际,True,2026-07-01,1,
000915,华特达因,True,2026-07-01,1,
600212,绿能慧充,True,2026-07-01,1,
001278,一彬科技,True,2026-07-01,1,
002178,延华智能,True,2026-07-01,1,
600748,上实发展,True,2026-07-01,1,
600597,光明乳业,True,2026-07-01,1,
002591,恒大高新,True,2026-07-01,1,
600960,渤海汽车,True,2026-07-01,1,
603755,日辰股份,True,2026-07-01,1,
600587,新华医疗,True,2026-07-01,1,
603161,科华控股,True,2026-07-01,1,
001285,瑞立科密,True,2026-07-01,1,
002862,实丰文化,True,2026-07-01,1,
002486,嘉麟杰,True,2026-07-01,1,
003000,劲仔食品,True,2026-07-01,1,
000731,四川美丰,True,2026-07-01,1,
002697,红旗连锁,True,2026-07-01,1,
002401,中远海科,True,2026-07-01,1,
002599,盛通股份,True,2026-07-01,1,
002564,天沃科技,True,2026-07-01,1,
002853,皮阿诺,True,2026-07-01,1,
603858,步长制药,True,2026-07-01,1,
601599,浙文影业,True,2026-07-01,1,
603262,技源集团,True,2026-07-01,1,
600262,北方股份,True,2026-07-01,1,
603655,朗博科技,True,2026-07-01,1,
002912,中新赛克,True,2026-07-01,1,
600694,大商股份,True,2026-07-01,1,
000788,北大医药,True,2026-07-01,1,
000550,江铃汽车,True,2026-07-01,1,
601992,金隅集团,True,2026-07-01,1,
603128,华贸物流,True,2026-07-01,1,
000045,深纺织Ａ,True,2026-07-01,1,
600420,国药现代,True,2026-07-01,1,
601005,重庆钢铁,True,2026-07-01,1,
002550,千红制药,True,2026-07-01,1,
600351,亚宝药业,True,2026-07-01,1,
002567,唐人神,True,2026-07-01,1,
601199,江南水务,True,2026-07-01,1,
000919,金陵药业,True,2026-07-01,1,
002412,汉森制药,True,2026-07-01,1,
600861,北京人力,True,2026-07-01,1,
000505,京粮控股,True,2026-07-01,1,
002451,摩恩电气,True,2026-07-01,1,
000523,红棉股份,True,2026-07-01,1,
603519,立霸股份,True,2026-07-01,1,
002767,先锋电子,True,2026-07-01,1,
603109,XD神驰机,True,2026-07-01,1,
603628,清源股份,True,2026-07-01,1,
002780,三夫户外,True,2026-07-01,1,
601002,晋亿实业,True,2026-07-01,1,
600807,济高发展,True,2026-07-01,1,
600649,城投控股,True,2026-07-01,1,
002992,宝明科技,True,2026-07-01,1,
002394,联发股份,True,2026-07-01,1,
003023,彩虹集团,True,2026-07-01,1,
603310,巍华新材,True,2026-07-01,1,
600742,富维股份,True,2026-07-01,1,
600720,中交设计,True,2026-07-01,1,
600368,五洲交通,True,2026-07-01,1,
000710,贝瑞基因,True,2026-07-01,1,
600990,四创电子,True,2026-07-01,1,
002946,新乳业,True,2026-07-01,1,
002774,快意电梯,True,2026-07-01,1,
002879,长缆科技,True,2026-07-01,1,
002737,葵花药业,True,2026-07-01,1,
600622,光大嘉宝,True,2026-07-01,1,
600854,春兰股份,True,2026-07-01,1,
002110,三钢闽光,True,2026-07-01,1,
603329,上海雅仕,True,2026-07-01,1,
600609,金杯汽车,True,2026-07-01,1,
600479,千金药业,True,2026-07-01,1,
002427,尤夫股份,True,2026-07-01,1,
601107,四川成渝,True,2026-07-01,1,
603313,梦百合,True,2026-07-01,1,
002727,一心堂,True,2026-07-01,1,
600790,轻纺城,True,2026-07-01,1,
002950,奥美医疗,True,2026-07-01,1,
600248,陕建股份,True,2026-07-01,1,
000816,智慧农业,True,2026-07-01,1,
002060,广东建工,True,2026-07-01,1,
002659,凯文教育,True,2026-07-01,1,
002540,亚太科技,True,2026-07-01,1,
002054,德美化工,True,2026-07-01,1,
603062,麦加芯彩,True,2026-07-01,1,
002480,新筑股份,True,2026-07-01,1,
600838,上海九百,True,2026-07-01,1,
601518,吉林高速,True,2026-07-01,1,
601528,瑞丰银行,True,2026-07-01,1,
600315,上海家化,True,2026-07-01,1,
001229,魅视科技,True,2026-07-01,1,
001218,丽臣实业,True,2026-07-01,1,
002247,聚力文化,True,2026-07-01,1,
001356,富岭股份,True,2026-07-01,1,
001328,登康口腔,True,2026-07-01,1,
002188,中天服务,True,2026-07-01,1,
003011,海象新材,True,2026-07-01,1,
603366,日出东方,True,2026-07-01,1,
002793,罗欣药业,True,2026-07-01,1,
600448,华纺股份,True,2026-07-01,1,
002228,合兴包装,True,2026-07-01,1,
603017,XD中衡设,True,2026-07-01,1,
002390,信邦制药,True,2026-07-01,1,
600335,国机汽车,True,2026-07-01,1,
600195,中牧股份,True,2026-07-01,1,
603069,海汽集团,True,2026-07-01,1,
002483,润邦股份,True,2026-07-01,1,
603387,基蛋生物,True,2026-07-01,1,
000096,广聚能源,True,2026-07-01,1,
002933,新兴装备,True,2026-07-01,1,
605500,森林包装,True,2026-07-01,1,
605009,豪悦护理,True,2026-07-01,1,
002692,远程股份,True,2026-07-01,1,
001319,铭科精技,True,2026-07-01,1,
600681,百川能源,True,2026-07-01,1,
002672,东江环保,True,2026-07-01,1,
002873,新天药业,True,2026-07-01,1,
002696,百洋股份,True,2026-07-01,1,
603499,翔港科技,True,2026-07-01,1,
603966,法兰泰克,True,2026-07-01,1,
603856,东宏股份,True,2026-07-01,1,
002686,亿利达,True,2026-07-01,1,
002923,润都股份,True,2026-07-01,1,
600975,新五丰,True,2026-07-01,1,
603391,力聚热能,True,2026-07-01,1,
001336,楚环科技,True,2026-07-01,1,
603421,鼎信通讯,True,2026-07-01,1,
002398,垒知集团,True,2026-07-01,1,
002494,华斯股份,True,2026-07-01,1,
001360,南矿集团,True,2026-07-01,1,
002724,海洋王,True,2026-07-01,1,
603815,交建股份,True,2026-07-01,1,
002846,英联股份,True,2026-07-01,1,
002688,金河生物,True,2026-07-01,1,
000576,甘化科工,True,2026-07-01,1,
600305,恒顺醋业,True,2026-07-01,1,
600831,广电网络,True,2026-07-01,1,
002454,松芝股份,True,2026-07-01,1,
600987,航民股份,True,2026-07-01,1,
001396,誉帆科技,True,2026-07-01,1,
601163,三角轮胎,True,2026-07-01,1,
002715,登云股份,True,2026-07-01,1,
002321,华英农业,True,2026-07-01,1,
600594,益佰制药,True,2026-07-01,1,
603615,茶花股份,True,2026-07-01,1,
600149,廊坊发展,True,2026-07-01,1,
605066,天正电气,True,2026-07-01,1,
003012,东鹏控股,True,2026-07-01,1,
603130,云中马,True,2026-07-01,1,
603193,润本股份,True,2026-07-01,1,
600894,广日股份,True,2026-07-01,1,
600860,京城股份,True,2026-07-01,1,
002526,山东矿机,True,2026-07-01,1,
600655,豫园股份,True,2026-07-01,1,
002103,广博股份,True,2026-07-01,1,
600020,中原高速,True,2026-07-01,1,
600495,晋西车轴,True,2026-07-01,1,
002855,捷荣技术,True,2026-07-01,1,
002397,梦洁股份,True,2026-07-01,1,
603095,越剑智能,True,2026-07-01,1,
600935,华塑股份,True,2026-07-01,1,
600167,联美控股,True,2026-07-01,1,
603258,电魂网络,True,2026-07-01,1,
002646,天佑德酒,True,2026-07-01,1,
002826,易明医药,True,2026-07-01,1,
001306,夏厦精密,True,2026-07-01,1,
000607,华媒控股,True,2026-07-01,1,
003017,大洋生物,True,2026-07-01,1,
001225,和泰机电,True,2026-07-01,1,
000553,安道麦A,True,2026-07-01,1,
603071,物产环能,True,2026-07-01,1,
002162,悦心健康,True,2026-07-01,1,
603043,广州酒家,True,2026-07-01,1,
002651,利君股份,True,2026-07-01,1,
002107,沃华医药,True,2026-07-01,1,
603677,奇精机械,True,2026-07-01,1,
600793,宜宾纸业,True,2026-07-01,1,
002612,朗姿股份,True,2026-07-01,1,
002040,南 京 港,True,2026-07-01,1,
000633,合金投资,True,2026-07-01,1,
002778,中晟高科,True,2026-07-01,1,
600429,三元股份,True,2026-07-01,1,
002144,宏达高科,True,2026-07-01,1,
601019,山东出版,True,2026-07-01,1,
600684,珠江股份,True,2026-07-01,1,
600467,好当家,True,2026-07-01,1,
002998,优彩资源,True,2026-07-01,1,
603255,鼎际得,True,2026-07-01,1,
600191,华资实业,True,2026-07-01,1,
603037,凯众股份,True,2026-07-01,1,
002035,华帝股份,True,2026-07-01,1,
002441,众业达,True,2026-07-01,1,
002818,富森美,True,2026-07-01,1,
600715,文投控股,True,2026-07-01,1,
600626,申达股份,True,2026-07-01,1,
605266,健之佳,True,2026-07-01,1,
600976,健民集团,True,2026-07-01,1,
603117,万林物流,True,2026-07-01,1,
002671,龙泉股份,True,2026-07-01,1,
000428,华天酒店,True,2026-07-01,1,
605333,沪光股份,True,2026-07-01,1,
001366,播恩集团,True,2026-07-01,1,
002159,三特索道,True,2026-07-01,1,
002535,林州重机,True,2026-07-01,1,
603819,神力股份,True,2026-07-01,1,
001312,福恩股份,True,2026-07-01,1,
603266,天龙股份,True,2026-07-01,1,
002267,陕天然气,True,2026-07-01,1,
002763,汇洁股份,True,2026-07-01,1,
603999,读者传媒,True,2026-07-01,1,
603098,森特股份,True,2026-07-01,1,
601007,金陵饭店,True,2026-07-01,1,
600706,曲江文旅,True,2026-07-01,1,
600853,龙建股份,True,2026-07-01,1,
601033,永兴股份,True,2026-07-01,1,
001300,三柏硕,True,2026-07-01,1,
000790,华神科技,True,2026-07-01,1,
000797,中国武夷,True,2026-07-01,1,
000715,中兴商业,True,2026-07-01,1,
603106,恒银科技,True,2026-07-01,1,
002868,绿康生化,True,2026-07-01,1,
600824,益民集团,True,2026-07-01,1,
002660,茂硕电源,True,2026-07-01,1,
002363,隆基机械,True,2026-07-01,1,
002863,今飞凯达,True,2026-07-01,1,
002666,德联集团,True,2026-07-01,1,
605169,洪通燃气,True,2026-07-01,1,
002349,精华制药,True,2026-07-01,1,
002140,东华科技,True,2026-07-01,1,
002224,三 力 士,True,2026-07-01,1,
603968,醋化股份,True,2026-07-01,1,
002911,佛燃能源,True,2026-07-01,1,
601811,新华文轩,True,2026-07-01,1,
603111,康尼机电,True,2026-07-01,1,
002820,桂发祥,True,2026-07-01,1,
603080,新疆火炬,True,2026-07-01,1,
003029,吉大正元,True,2026-07-01,1,
605068,明新旭腾,True,2026-07-01,1,
600858,银座股份,True,2026-07-01,1,
600405,动力源,True,2026-07-01,1,
000812,陕西金叶,True,2026-07-01,1,
000655,金岭矿业,True,2026-07-01,1,
601827,三峰环境,True,2026-07-01,1,
603998,方盛制药,True,2026-07-01,1,
603585,苏利股份,True,2026-07-01,1,
000014,沙河股份,True,2026-07-01,1,
603727,博迈科,True,2026-07-01,1,
603776,永安行,True,2026-07-01,1,
000877,天山股份,True,2026-07-01,1,
603291,联合水务,True,2026-07-01,1,
603273,天元智能,True,2026-07-01,1,
601089,福元医药,True,2026-07-01,1,
002101,广东鸿图,True,2026-07-01,1,
603101,汇嘉时代,True,2026-07-01,1,
603320,迪贝电气,True,2026-07-01,1,
002495,佳隆股份,True,2026-07-01,1,
600327,大东方,True,2026-07-01,1,
603352,至信股份,True,2026-07-01,1,
002908,德生科技,True,2026-07-01,1,
002166,莱茵生物,True,2026-07-01,1,
000897,津滨发展,True,2026-07-01,1,
603579,荣泰健康,True,2026-07-01,1,
603187,XD海容冷,True,2026-07-01,1,
603190,亚通精工,True,2026-07-01,1,
002662,峰璟股份,True,2026-07-01,1,
002622,皓宸医疗,True,2026-07-01,1,
001221,悍高集团,True,2026-07-01,1,
002481,双塔食品,True,2026-07-01,1,
600359,新农开发,True,2026-07-01,1,
000705,浙江震元,True,2026-07-01,1,
600643,爱建集团,True,2026-07-01,1,
603299,苏盐井神,True,2026-07-01,1,
002476,宝莫股份,True,2026-07-01,1,
600603,广汇物流,True,2026-07-01,1,
601999,出版传媒,True,2026-07-01,1,
600876,凯盛新能,True,2026-07-01,1,
001333,光华股份,True,2026-07-01,1,
603880,南卫股份,True,2026-07-01,1,
603758,秦安股份,True,2026-07-01,1,
003006,百亚股份,True,2026-07-01,1,
603630,拉芳家化,True,2026-07-01,1,
003013,地铁设计,True,2026-07-01,1,
002626,金达威,True,2026-07-01,1,
603558,健盛集团,True,2026-07-01,1,
600604,市北高新,True,2026-07-01,1,
600768,宁波富邦,True,2026-07-01,1,
603035,常熟汽饰,True,2026-07-01,1,
003042,中农联合,True,2026-07-01,1,
600261,阳光照明,True,2026-07-01,1,
002825,纳尔股份,True,2026-07-01,1,
002687,乔治白,True,2026-07-01,1,
600526,菲达环保,True,2026-07-01,1,
600658,电子城,True,2026-07-01,1,
002295,精艺股份,True,2026-07-01,1,
600653,申华控股,True,2026-07-01,1,
002330,得利斯,True,2026-07-01,1,
600523,贵航股份,True,2026-07-01,1,
000541,佛山照明,True,2026-07-01,1,
002016,世荣兆业,True,2026-07-01,1,
600257,大湖股份,True,2026-07-01,1,
002953,日丰股份,True,2026-07-01,1,
603808,歌力思,True,2026-07-01,1,
000707,双环科技,True,2026-07-01,1,
000501,武商集团,True,2026-07-01,1,
002905,金逸影视,True,2026-07-01,1,
600533,栖霞建设,True,2026-07-01,1,
002524,光正眼科,True,2026-07-01,1,
002419,天虹股份,True,2026-07-01,1,
600628,新世界,True,2026-07-01,1,
603199,九华旅游,True,2026-07-01,1,
600218,全柴动力,True,2026-07-01,1,
000017,深中华A,True,2026-07-01,1,
605086,龙高股份,True,2026-07-01,1,
603696,安记食品,True,2026-07-01,1,
000652,泰达股份,True,2026-07-01,1,
002799,环球印务,True,2026-07-01,1,
002391,长青股份,True,2026-07-01,1,
002337,赛象科技,True,2026-07-01,1,
002742,三圣股份,True,2026-07-01,1,
605108,同庆楼,True,2026-07-01,1,
001382,新亚电缆,True,2026-07-01,1,
601113,华鼎股份,True,2026-07-01,1,
001388,信通电子,True,2026-07-01,1,
603136,天目湖,True,2026-07-01,1,
600128,苏豪弘业,True,2026-07-01,1,
001367,海森药业,True,2026-07-01,1,
601512,中新集团,True,2026-07-01,1,
603066,音飞储存,True,2026-07-01,1,
600137,浪莎股份,True,2026-07-01,1,
600425,青松建化,True,2026-07-01,1,
600386,北巴传媒,True,2026-07-01,1,
600557,康缘药业,True,2026-07-01,1,
000798,中水渔业,True,2026-07-01,1,
603719,良品铺子,True,2026-07-01,1,
603982,泉峰汽车,True,2026-07-01,1,
603023,威帝股份,True,2026-07-01,1,
600241,时代万恒,True,2026-07-01,1,
003003,天元股份,True,2026-07-01,1,
003005,竞业达,True,2026-07-01,1,
002999,天禾股份,True,2026-07-01,1,
601279,英利汽车,True,2026-07-01,1,
600512,腾达建设,True,2026-07-01,1,
002037,保利联合,True,2026-07-01,1,
605388,均瑶健康,True,2026-07-01,1,
000856,冀东装备,True,2026-07-01,1,
603041,美思德,True,2026-07-01,1,
002614,奥佳华,True,2026-07-01,1,
603339,四方科技,True,2026-07-01,1,
600551,时代出版,True,2026-07-01,1,
001228,永泰运,True,2026-07-01,1,
000955,欣龙控股,True,2026-07-01,1,
600713,南京医药,True,2026-07-01,1,
000153,丰原药业,True,2026-07-01,1,
002959,小熊电器,True,2026-07-01,1,
002186,全 聚 德,True,2026-07-01,1,
000058,深 赛 格,True,2026-07-01,1,
002722,物产金轮,True,2026-07-01,1,
001390,古麒绒材,True,2026-07-01,1,
000756,新华制药,True,2026-07-01,1,
002105,信隆健康,True,2026-07-01,1,
603280,南方路机,True,2026-07-01,1,
002890,弘宇股份,True,2026-07-01,1,
603237,五芳斋,True,2026-07-01,1,
002133,广宇集团,True,2026-07-01,1,
002800,天顺股份,True,2026-07-01,1,
603188,亚邦股份,True,2026-07-01,1,
002492,恒基达鑫,True,2026-07-01,1,
002909,集泰股份,True,2026-07-01,1,
002322,理工能科,True,2026-07-01,1,
002095,生 意 宝,True,2026-07-01,1,
600249,两面针,True,2026-07-01,1,
002344,海宁皮城,True,2026-07-01,1,
600356,恒丰纸业,True,2026-07-01,1,
002238,天威视讯,True,2026-07-01,1,
601686,友发集团,True,2026-07-01,1,
002303,美盈森,True,2026-07-01,1,
002864,盘龙药业,True,2026-07-01,1,
000020,深华发Ａ,True,2026-07-01,1,
600778,友好集团,True,2026-07-01,1,
000850,华茂股份,True,2026-07-01,1,
600217,中再资环,True,2026-07-01,1,
000028,国药一致,True,2026-07-01,1,
002835,同为股份,True,2026-07-01,1,
600202,哈空调,True,2026-07-01,1,
600272,开开实业,True,2026-07-01,1,
600612,老凤祥,True,2026-07-01,1,
603577,汇金通,True,2026-07-01,1,
001387,雪祺电气,True,2026-07-01,1,
603332,苏州龙杰,True,2026-07-01,1,
603081,大丰实业,True,2026-07-01,1,
603348,文灿股份,True,2026-07-01,1,
600661,昂立教育,True,2026-07-01,1,
600650,锦江在线,True,2026-07-01,1,
600232,金鹰股份,True,2026-07-01,1,
000557,西部创业,True,2026-07-01,1,
603706,XD东方环,True,2026-07-01,1,
000514,渝 开 发,True,2026-07-01,1,
002172,澳洋健康,True,2026-07-01,1,
603811,诚意药业,True,2026-07-01,1,
600223,福瑞达,True,2026-07-01,1,
002566,益盛药业,True,2026-07-01,1,
603309,维力医疗,True,2026-07-01,1,
603900,莱绅通灵,True,2026-07-01,1,
003039,顺控发展,True,2026-07-01,1,
600731,湖南海利,True,2026-07-01,1,
600851,海欣股份,True,2026-07-01,1,
600814,杭州解百,True,2026-07-01,1,
001217,华尔泰,True,2026-07-01,1,
001213,中铁特货,True,2026-07-01,1,
000421,南京公用,True,2026-07-01,1,
603055,台华新材,True,2026-07-01,1,
600829,人民同泰,True,2026-07-01,1,
000663,永安林业,True,2026-07-01,1,
000755,山西高速,True,2026-07-01,1,
603711,香飘飘,True,2026-07-01,1,
605122,四方新材,True,2026-07-01,1,
605577,龙版传媒,True,2026-07-01,1,
600192,长城电工,True,2026-07-01,1,
603536,惠发食品,True,2026-07-01,1,
603182,嘉华股份,True,2026-07-01,1,
000965,天保基建,True,2026-07-01,1,
603818,曲美家居,True,2026-07-01,1,
000913,钱江摩托,True,2026-07-01,1,
600697,欧亚集团,True,2026-07-01,1,
605179,一鸣食品,True,2026-07-01,1,
002802,洪汇新材,True,2026-07-01,1,
000717,中南股份,True,2026-07-01,1,
002327,富安娜,True,2026-07-01,1,
600794,保税科技,True,2026-07-01,1,
002880,卫光生物,True,2026-07-01,1,
000906,浙商中拓,True,2026-07-01,1,
603817,海峡环保,True,2026-07-01,1,
002661,克明食品,True,2026-07-01,1,
603879,永悦科技,True,2026-07-01,1,
605368,蓝天燃气,True,2026-07-01,1,
001335,信凯科技,True,2026-07-01,1,
600455,博通股份,True,2026-07-01,1,
601008,连云港,True,2026-07-01,1,
002014,永新股份,True,2026-07-01,1,
002677,浙江美大,True,2026-07-01,1,
601065,江盐集团,True,2026-07-01,1,
001209,洪兴股份,True,2026-07-01,1,
002399,海普瑞,True,2026-07-01,1,
000637,茂化实华,True,2026-07-01,1,
603708,家家悦,True,2026-07-01,1,
601022,宁波远洋,True,2026-07-01,1,
002949,华阳国际,True,2026-07-01,1,
001325,元创股份,True,2026-07-01,1,
603370,华新精科,True,2026-07-01,1,
603768,常青股份,True,2026-07-01,1,
605007,五洲特纸,True,2026-07-01,1,
605300,佳禾食品,True,2026-07-01,1,
600358,国旅联合,True,2026-07-01,1,
600616,金枫酒业,True,2026-07-01,1,
003008,开普检测,True,2026-07-01,1,
000952,广济药业,True,2026-07-01,1,
603325,博隆技术,True,2026-07-01,1,
600939,重庆建工,True,2026-07-01,1,
002991,甘源食品,True,2026-07-01,1,
001206,依依股份,True,2026-07-01,1,
003037,三和管桩,True,2026-07-01,1,
600638,新黄浦,True,2026-07-01,1,
000828,东莞控股,True,2026-07-01,1,
603518,锦泓集团,True,2026-07-01,1,
603600,永艺股份,True,2026-07-01,1,
603955,大千生态,True,2026-07-01,1,
002884,凌霄泵业,True,2026-07-01,1,
002633,申科股份,True,2026-07-01,1,
605001,威奥股份,True,2026-07-01,1,
600671,天目药业,True,2026-07-01,1,
000761,本钢板材,True,2026-07-01,1,
002551,尚荣医疗,True,2026-07-01,1,
003028,振邦智能,True,2026-07-01,1,
002968,新大正,True,2026-07-01,1,
002817,黄山胶囊,True,2026-07-01,1,
000900,现代投资,True,2026-07-01,1,
603312,西典新能,True,2026-07-01,1,
603949,雪龙集团,True,2026-07-01,1,
600081,东风科技,True,2026-07-01,1,
603860,中公高科,True,2026-07-01,1,
603214,爱婴室,True,2026-07-01,1,
603022,新通联,True,2026-07-01,1,
001219,青岛食品,True,2026-07-01,1,
600620,天宸股份,True,2026-07-01,1,
002543,万和电气,True,2026-07-01,1,
600712,南宁百货,True,2026-07-01,1,
600692,亚通股份,True,2026-07-01,1,
600469,风神股份,True,2026-07-01,1,
600148,长春一东,True,2026-07-01,1,
001255,博菲电气,True,2026-07-01,1,
603987,康德莱,True,2026-07-01,1,
002852,道道全,True,2026-07-01,1,
603183,建研院,True,2026-07-01,1,
000953,中哲精化,True,2026-07-01,1,
600419,天润乳业,True,2026-07-01,1,
001220,世盟股份,True,2026-07-01,1,
600668,尖峰集团,True,2026-07-01,1,
603680,今创集团,True,2026-07-01,1,
002367,康力电梯,True,2026-07-01,1,
603787,新日股份,True,2026-07-01,1,
603351,威尔药业,True,2026-07-01,1,
002381,双箭股份,True,2026-07-01,1,
000419,通程控股,True,2026-07-01,1,
002393,力生制药,True,2026-07-01,1,
002813,路畅科技,True,2026-07-01,1,
601188,龙江交通,True,2026-07-01,1,
600738,丽尚国潮,True,2026-07-01,1,
002287,奇正藏药,True,2026-07-01,1,
000548,湖南投资,True,2026-07-01,1,
000507,珠海港,True,2026-07-01,1,
603983,丸美生物,True,2026-07-01,1,
605337,李子园,True,2026-07-01,1,
605567,春雪食品,True,2026-07-01,1,
603113,金能科技,True,2026-07-01,1,
002900,哈三联,True,2026-07-01,1,
000544,中原环保,True,2026-07-01,1,
600235,民丰特纸,True,2026-07-01,1,
601956,东贝集团,True,2026-07-01,1,
600493,凤竹纺织,True,2026-07-01,1,
603896,寿仙谷,True,2026-07-01,1,
603700,宁水集团,True,2026-07-01,1,
603284,林平发展,True,2026-07-01,1,
605180,华生科技,True,2026-07-01,1,
600308,华泰股份,True,2026-07-01,1,
600883,博闻科技,True,2026-07-01,1,
603739,蔚蓝生物,True,2026-07-01,1,
002790,瑞尔特,True,2026-07-01,1,
603086,先达股份,True,2026-07-01,1,
001234,泰慕士,True,2026-07-01,1,
001379,腾达科技,True,2026-07-01,1,
600805,悦达投资,True,2026-07-01,1,
600073,光明肉业,True,2026-07-01,1,
600051,宁波联合,True,2026-07-01,1,
605033,美邦股份,True,2026-07-01,1,
001368,通达创智,True,2026-07-01,1,
600639,浦东金桥,True,2026-07-01,1,
002644,佛慈制药,True,2026-07-01,1,
000498,山东路桥,True,2026-07-01,1,
600444,国机通用,True,2026-07-01,1,
002573,清新环境,True,2026-07-01,1,
000401,金隅冀东,True,2026-07-01,1,
603180,金牌家居,True,2026-07-01,1,
600613,神奇制药,True,2026-07-01,1,
002200,交投生态,True,2026-07-01,1,
603609,禾丰股份,True,2026-07-01,1,
001296,长江材料,True,2026-07-01,1,
603172,万丰股份,True,2026-07-01,1,
600099,林海股份,True,2026-07-01,1,
600774,汉商集团,True,2026-07-01,1,
002907,华森制药,True,2026-07-01,1,
603091,众鑫股份,True,2026-07-01,1,
603168,莎普爱思,True,2026-07-01,1,
001282,三联锻造,True,2026-07-01,1,
000619,海螺新材,True,2026-07-01,1,
603053,成都燃气,True,2026-07-01,1,
002732,燕塘乳业,True,2026-07-01,1,
000011,深物业A,True,2026-07-01,1,
603839,安正时尚,True,2026-07-01,1,
600648,外高桥,True,2026-07-01,1,
000713,国投丰乐,True,2026-07-01,1,
603535,嘉诚国际,True,2026-07-01,1,
603215,比依股份,True,2026-07-01,1,
002116,中国海诚,True,2026-07-01,1,
603167,渤海轮渡,True,2026-07-01,1,
002679,福建金森,True,2026-07-01,1,
605338,巴比食品,True,2026-07-01,1,
603709,中源家居,True,2026-07-01,1,
603566,普莱柯,True,2026-07-01,1,
600833,第一医药,True,2026-07-01,1,
603689,皖天然气,True,2026-07-01,1,
001238,浙江正特,True,2026-07-01,1,
000590,古汉医药,True,2026-07-01,1,
603018,华设集团,True,2026-07-01,1,
603221,爱丽家居,True,2026-07-01,1,
002521,齐峰新材,True,2026-07-01,1,
002302,西部建设,True,2026-07-01,1,
002282,博深股份,True,2026-07-01,1,
603551,奥普科技,True,2026-07-01,1,
601366,利群股份,True,2026-07-01,1,
601968,XD宝钢包,True,2026-07-01,1,
002022,科华生物,True,2026-07-01,1,
002753,永东股份,True,2026-07-01,1,
600917,重庆燃气,True,2026-07-01,1,
600796,钱江生化,True,2026-07-01,1,
603759,海天股份,True,2026-07-01,1,
001358,兴欣新材,True,2026-07-01,1,
000702,正虹科技,True,2026-07-01,1,
603207,小方制药,True,2026-07-01,1,
001201,东瑞股份,True,2026-07-01,1,
603357,设计总院,True,2026-07-01,1,
603788,宁波高发,True,2026-07-01,1,
603028,赛福天,True,2026-07-01,1,
603810,丰山集团,True,2026-07-01,1,
605151,西上海,True,2026-07-01,1,
001279,强邦新材,True,2026-07-01,1,
001380,华纬科技,True,2026-07-01,1,
002088,鲁阳节能,True,2026-07-01,1,
605259,绿田机械,True,2026-07-01,1,
603079,圣达生物,True,2026-07-01,1,
603376,大明电子,True,2026-07-01,1,
600463,空港股份,True,2026-07-01,1,
002743,富煌钢构,True,2026-07-01,1,
002836,新宏泽,True,2026-07-01,1,
002205,国统股份,True,2026-07-01,1,
601158,重庆水务,True,2026-07-01,1,
002069,獐子岛,True,2026-07-01,1,
603506,南都物业,True,2026-07-01,1,
600035,楚天高速,True,2026-07-01,1,
603406,天富龙,True,2026-07-01,1,
605155,西大门,True,2026-07-01,1,
002275,桂林三金,True,2026-07-01,1,
603238,诺邦股份,True,2026-07-01,1,
002574,明牌珠宝,True,2026-07-01,1,
603177,德创环保,True,2026-07-01,1,
605268,王力安防,True,2026-07-01,1,
603967,中创物流,True,2026-07-01,1,
603029,天鹅股份,True,2026-07-01,1,
002333,罗普斯金,True,2026-07-01,1,
603205,健尔康,True,2026-07-01,1,
603282,亚光股份,True,2026-07-01,1,
603151,邦基科技,True,2026-07-01,1,
603096,新经典,True,2026-07-01,1,
603326,我乐家居,True,2026-07-01,1,
600319,亚星化学,True,2026-07-01,1,
605183,XD确成股,True,2026-07-01,1,
605158,华达新材,True,2026-07-01,1,
605005,合兴股份,True,2026-07-01,1,
001395,亚联机械,True,2026-07-01,1,
600561,江西长运,True,2026-07-01,1,
603970,中农立华,True,2026-07-01,1,
003020,立方制药,True,2026-07-01,1,
603307,扬州金泉,True,2026-07-01,1,
000605,渤海股份,True,2026-07-01,1,
603209,兴通股份,True,2026-07-01,1,
000985,大庆华科,True,2026-07-01,1,
002889,东方嘉盛,True,2026-07-01,1,
600371,万向德农,True,2026-07-01,1,
001260,坤泰股份,True,2026-07-01,1,
600117,西宁特钢,True,2026-07-01,1,
603648,畅联股份,True,2026-07-01,1,
605089,味知香,True,2026-07-01,1,
001222,源飞宠物,True,2026-07-01,1,
002098,浔兴股份,True,2026-07-01,1,
603908,牧高笛,True,2026-07-01,1,
001231,农心科技,True,2026-07-01,1,
001277,速达股份,True,2026-07-01,1,
603059,倍加洁,True,2026-07-01,1,
605003,众望布艺,True,2026-07-01,1,
600231,凌钢股份,True,2026-07-01,1,
603797,联泰环保,True,2026-07-01,1,
605378,野马电池,True,2026-07-01,1,
001318,阳光乳业,True,2026-07-01,1,
002561,徐家汇,True,2026-07-01,1,
000679,大连友谊,True,2026-07-01,1,
603848,好太太,True,2026-07-01,1,
600802,福建水泥,True,2026-07-01,1,
603073,彩蝶实业,True,2026-07-01,1,
000931,中 关 村,True,2026-07-01,1,
600548,深高速,True,2026-07-01,1,
603170,宝立食品,True,2026-07-01,1,
603208,江山欧派,True,2026-07-01,1,
600615,鑫源智造,True,2026-07-01,1,
600569,安阳钢铁,True,2026-07-01,1,
603277,银都股份,True,2026-07-01,1,
605050,福然德,True,2026-07-01,1,
603321,梅轮电梯,True,2026-07-01,1,
600822,上海物贸,True,2026-07-01,1,
603231,索宝蛋白,True,2026-07-01,1,
000869,张  裕Ａ,True,2026-07-01,1,
600278,东方创业,True,2026-07-01,1,
603382,海阳科技,True,2026-07-01,1,
605138,盛泰集团,True,2026-07-01,1,
603089,正裕工业,True,2026-07-01,1,
603107,上海汽配,True,2026-07-01,1,
600817,宇通重工,True,2026-07-01,1,
603855,华荣股份,True,2026-07-01,1,
603909,建发合诚,True,2026-07-01,1,
000726,鲁  泰Ａ,True,2026-07-01,1,
002942,新农股份,True,2026-07-01,1,
003016,欣贺股份,True,2026-07-01,1,
603676,卫信康,True,2026-07-01,1,
603587,地素时尚,True,2026-07-01,1,
600168,武汉控股,True,2026-07-01,1,
600287,苏豪时尚,True,2026-07-01,1,
603192,汇得科技,True,2026-07-01,1,
000529,广弘控股,True,2026-07-01,1,
601368,绿城水务,True,2026-07-01,1,
605369,拱东医疗,True,2026-07-01,1,
600097,开创国际,True,2026-07-01,1,
603836,海程邦达,True,2026-07-01,1,
603365,水星家纺,True,2026-07-01,1,
603153,上海建科,True,2026-07-01,1,
603176,汇通集团,True,2026-07-01,1,
001202,炬申股份,True,2026-07-01,1,
603801,志邦家居,True,2026-07-01,1,
000910,大亚圣象,True,2026-07-01,1,
600182,S佳通,True,2026-07-01,1,
002749,国光股份,True,2026-07-01,1,
001323,慕思股份,True,2026-07-01,1,
600834,申通地铁,True,2026-07-01,1,
603350,安乃达,True,2026-07-01,1,
603408,建霖家居,True,2026-07-01,1,
603230,内蒙新华,True,2026-07-01,1,
603102,百合股份,True,2026-07-01,1,
603385,惠达卫浴,True,2026-07-01,1,
603515,欧普照明,True,2026-07-01,1,
603137,恒尚节能,True,2026-07-01,1,
603511,爱慕股份,True,2026-07-01,1,
600283,钱江水利,True,2026-07-01,1,
000789,万年青,True,2026-07-01,1,
605339,南侨食品,True,2026-07-01,1,
603639,海利尔,True,2026-07-01,1,
603235,天新药业,True,2026-07-01,1,
